cip_year,project_type,source_page,department,project_name,project_id,address_location,start_year,end_year,project_description,project_justification,previous_appropriations,project_total,year_2023,year_2024,currency_unit
2023,Stormwater Drainage Management,81,FLOOD PROTECTION AND STORM DRAINAGE MANAGEMENT,San Gabriel Drive 4300 Blk,W622,,,2026,,,592000.0,592000.0,0.0,0.0,$K
2023,Stormwater Drainage Management,81,FLOOD PROTECTION AND STORM DRAINAGE MANAGEMENT,"""Betty Jane, 10225""",VD27,,,2024,,,269515.0,269515.0,0.0,0.0,$K
2023,Stormwater Drainage Management,81,FLOOD PROTECTION AND STORM DRAINAGE MANAGEMENT,"""El Cerrito Storm Drainage, 2470""",VD11,,,2024,,,373873.0,373873.0,0.0,0.0,$K
2023,Stormwater Drainage Management,81,FLOOD PROTECTION AND STORM DRAINAGE MANAGEMENT,"""Greendale 1721, 1716""",VD67,,,2024,,,95529.0,95529.0,0.0,0.0,$K
2023,Stormwater Drainage Management,81,FLOOD PROTECTION AND STORM DRAINAGE MANAGEMENT,"""Highland Road, 2447""",VD68,,,2024,,,321519.0,321519.0,0.0,0.0,$K
2023,Stormwater Drainage Management,81,FLOOD PROTECTION AND STORM DRAINAGE MANAGEMENT,1700 N Field Street Drainage Repair,W706,,,,,,0.0,575000.0,0.0,0.0,$K
2023,Stormwater Drainage Management,81,FLOOD PROTECTION AND STORM DRAINAGE MANAGEMENT,2133 Province,W707,,,,,,0.0,575000.0,0.0,0.0,$K
2023,Stormwater Drainage Management,81,FLOOD PROTECTION AND STORM DRAINAGE MANAGEMENT,2530 Blanton Outfall Repair,W834,,,,,,0.0,575000.0,0.0,0.0,$K
2023,Stormwater Drainage Management,82,FLOOD PROTECTION AND STORM DRAINAGE MANAGEMENT,408 Glen Oak,W356,,,2023,,,143000.0,143000.0,0.0,0.0,$K
2023,Stormwater Drainage Management,82,FLOOD PROTECTION AND STORM DRAINAGE MANAGEMENT,4126 Maybeth Drainage Relief,W709,,,,,,0.0,115000.0,0.0,0.0,$K
2023,Stormwater Drainage Management,82,FLOOD PROTECTION AND STORM DRAINAGE MANAGEMENT,"4209 Rosa Ct, Drainage Relief System",W710,,,2026,,,225000.0,1500000.0,1275000.0,0.0,$K
2023,Stormwater Drainage Management,82,FLOOD PROTECTION AND STORM DRAINAGE MANAGEMENT,5th Street Drainage Relief System,W711,,,,,,0.0,3615000.0,0.0,0.0,$K
2023,Stormwater Drainage Management,82,FLOOD PROTECTION AND STORM DRAINAGE MANAGEMENT,6900 Royal Lane Drainage Relief System,W875,,,,,,0.0,1300000.0,156000.0,0.0,$K
2023,Stormwater Drainage Management,82,FLOOD PROTECTION AND STORM DRAINAGE MANAGEMENT,Abshire Lane,VD62,,,2025,,,948500.0,948500.0,0.0,0.0,$K
2023,Stormwater Drainage Management,82,FLOOD PROTECTION AND STORM DRAINAGE MANAGEMENT,"Acres/Grady Detention Basins 1 & 2, Dredging",W398,,,2024,,,1220262.0,1220262.0,0.0,0.0,$K
2023,Stormwater Drainage Management,82,FLOOD PROTECTION AND STORM DRAINAGE MANAGEMENT,"Alderson, 3700",VD42,,,2025,,,1211675.0,1211675.0,0.0,0.0,$K
2023,Stormwater Drainage Management,82,FLOOD PROTECTION AND STORM DRAINAGE MANAGEMENT,Alpha 6919 Drainage Relief System,W712,,,,,,0.0,480000.0,0.0,0.0,$K
2023,Stormwater Drainage Management,82,FLOOD PROTECTION AND STORM DRAINAGE MANAGEMENT,Alpha at Peyton (RL Area 3),W833,,,,,,0.0,7000000.0,0.0,1050000.0,$K
2023,Stormwater Drainage Management,82,FLOOD PROTECTION AND STORM DRAINAGE MANAGEMENT,Anderson Ave @ Goodman,W399,,,2026,,,381965.0,381965.0,0.0,0.0,$K
2023,Stormwater Drainage Management,83,FLOOD PROTECTION AND STORM DRAINAGE MANAGEMENT,Ash Creek - S Fork Channel Improvements at John West,W400,,,2026,,,294449.0,2485949.0,500000.0,1691500.0,$K
2023,Stormwater Drainage Management,83,FLOOD PROTECTION AND STORM DRAINAGE MANAGEMENT,Ash Creek Trib 5B7 Bridge Improvement @ Peavy,W713,,,,,,0.0,1710000.0,0.0,0.0,$K
2023,Stormwater Drainage Management,83,FLOOD PROTECTION AND STORM DRAINAGE MANAGEMENT,Ash Creek Trib 5B7 Bridge Improvement @ Province,W714,,,,,,0.0,5400000.0,0.0,810000.0,$K
2023,Erosion Control,83,FLOOD PROTECTION AND STORM DRAINAGE MANAGEMENT,Audelia 11601 (Audelia - E Bank),S702,,,,,,2500.0,2500.0,0.0,0.0,$K
2023,Stormwater Drainage Management,83,FLOOD PROTECTION AND STORM DRAINAGE MANAGEMENT,Beckley @ Coombs Creek Drinage Study,W401,,,2026,,,125000.0,125000.0,0.0,0.0,$K
2023,Stormwater Drainage Management,83,FLOOD PROTECTION AND STORM DRAINAGE MANAGEMENT,"Bent Creek Detention Basin, Dredging",W402,,,2024,,,124169.0,124169.0,0.0,0.0,$K
2023,Stormwater Drainage Management,83,FLOOD PROTECTION AND STORM DRAINAGE MANAGEMENT,"Bethany Dr (9908), Province Ln (2008, 2016), and Peavy Pl (2334, 2340, 2344)",X013,,,,,,0.0,2205000.0,330750.0,1874250.0,$K
2023,Erosion Control,83,FLOOD PROTECTION AND STORM DRAINAGE MANAGEMENT,"Betty Jane, 10225",VD27,,,2024,,,354600.0,354600.0,0.0,0.0,$K
2023,Stormwater Drainage Management,83,FLOOD PROTECTION AND STORM DRAINAGE MANAGEMENT,Birchridge 14721,W717,,,,,,0.0,295000.0,0.0,0.0,$K
2023,Erosion Control,84,FLOOD PROTECTION AND STORM DRAINAGE MANAGEMENT,Burninglog 13156,S709,,,2024,,,68600.0,68600.0,0.0,0.0,$K
2023,Stormwater Drainage Management,84,FLOOD PROTECTION AND STORM DRAINAGE MANAGEMENT,Cadiz and Riverfront Bridge,W914,,,2024,,,13169479.0,13169479.0,0.0,0.0,$K
2023,Stormwater Drainage Management,84,FLOOD PROTECTION AND STORM DRAINAGE MANAGEMENT,Cadiz and Riverfront Bridge,W914,,,2024,,,2002998.0,2002998.0,0.0,0.0,$K
2023,Stormwater Drainage Management,84,FLOOD PROTECTION AND STORM DRAINAGE MANAGEMENT,Calcutta 616 (RL Area 40),W273,,,2024,,,440000.0,440000.0,0.0,0.0,$K
2023,Stormwater Drainage Management,84,FLOOD PROTECTION AND STORM DRAINAGE MANAGEMENT,Cedar Creek Bridge @ Clarendon,W403,,,2026,,,281000.0,2800000.0,2519000.0,0.0,$K
2023,Stormwater Drainage Management,84,FLOOD PROTECTION AND STORM DRAINAGE MANAGEMENT,Cedar Creek Bridge @ Clarendon (Sta 149+13),W718,,,,,,0.0,2215000.0,0.0,0.0,$K
2023,Stormwater Drainage Management,84,FLOOD PROTECTION AND STORM DRAINAGE MANAGEMENT,Cedar Creek Bridge @ Moore,W404,,,2026,,,147600.0,1476000.0,1328400.0,0.0,$K
2023,Stormwater Drainage Management,84,FLOOD PROTECTION AND STORM DRAINAGE MANAGEMENT,Cedar Creek Bridge @ Tyler,W719,,,,,,0.0,8300000.0,0.0,1245000.0,$K
2023,Stormwater Drainage Management,84,FLOOD PROTECTION AND STORM DRAINAGE MANAGEMENT,Cedar Creek Channel - ATSF RR to Ewing,W720,,,,,,0.0,1740000.0,0.0,261000.0,$K
2023,Stormwater Drainage Management,84,FLOOD PROTECTION AND STORM DRAINAGE MANAGEMENT,Cedar Creek Channel Improvements (908 S Rosemont),W721,,,,,,0.0,1725000.0,0.0,0.0,$K
2023,Stormwater Drainage Management,85,FLOOD PROTECTION AND STORM DRAINAGE MANAGEMENT,Cedar Creek Culvert @ Polk,W722,,,,,,0.0,1000000.0,0.0,150000.0,$K
2023,Stormwater Drainage Management,85,FLOOD PROTECTION AND STORM DRAINAGE MANAGEMENT,Cedar Creek Culvert @ Winnetka,W723,,,,,,0.0,2530000.0,0.0,0.0,$K
2023,Stormwater Drainage Management,85,FLOOD PROTECTION AND STORM DRAINAGE MANAGEMENT,Cedar Springs Branch - Lomo Alto Dr @ Lemmon Ave,W836,,,2026,,,450000.0,450000.0,0.0,0.0,$K
2023,Stormwater Drainage Management,85,FLOOD PROTECTION AND STORM DRAINAGE MANAGEMENT,Cedar Springs Branch @ Denton,W725,,,,,,0.0,610000.0,0.0,0.0,$K
2023,Stormwater Drainage Management,85,FLOOD PROTECTION AND STORM DRAINAGE MANAGEMENT,Cedar Springs Branch @ Production,W835,,,,,,0.0,475000.0,0.0,0.0,$K
2023,Stormwater Drainage Management,85,FLOOD PROTECTION AND STORM DRAINAGE MANAGEMENT,Chalk Hill Branch Bridge @ N. Counts,W837,,,,,,0.0,825000.0,0.0,0.0,$K
2023,Stormwater Drainage Management,85,FLOOD PROTECTION AND STORM DRAINAGE MANAGEMENT,Chalk Hill Branch Bridge @ S. Counts,W728,,,,,,0.0,1375000.0,0.0,0.0,$K
2023,Stormwater Drainage Management,85,FLOOD PROTECTION AND STORM DRAINAGE MANAGEMENT,Chalk Hill Branch Culvert @ Jefferson,W729,,,,,,0.0,625000.0,0.0,0.0,$K
2023,Stormwater Drainage Management,85,FLOOD PROTECTION AND STORM DRAINAGE MANAGEMENT,Chalkhill Branch - I30/Loop 12 Interchange,VD33,,,2025,,,780000.0,780000.0,0.0,0.0,$K
2023,Stormwater Drainage Management,85,FLOOD PROTECTION AND STORM DRAINAGE MANAGEMENT,Channel - Major Maintenance,W195,,,2032,,,0.0,1200000.0,250000.0,250000.0,$K
2023,Stormwater Drainage Management,86,FLOOD PROTECTION AND STORM DRAINAGE MANAGEMENT,Cherry Hill 8647 Storm Drainage Relief,W838,,,,,,0.0,1260000.0,0.0,0.0,$K
2023,Stormwater Drainage Management,86,FLOOD PROTECTION AND STORM DRAINAGE MANAGEMENT,Cherrybrook Dam Spillway Rehabilitation,W839,,,,,,0.0,5800000.0,696000.0,0.0,$K
2023,Stormwater Drainage Management,86,FLOOD PROTECTION AND STORM DRAINAGE MANAGEMENT,Clearbrook Lane 10837,X015,,,,,,0.0,157500.0,23625.0,133875.0,$K
2023,Stormwater Drainage Management,86,FLOOD PROTECTION AND STORM DRAINAGE MANAGEMENT,"Cliffdale, 322",W731,,,,,,0.0,635000.0,0.0,0.0,$K
2023,Stormwater Drainage Management,86,FLOOD PROTECTION AND STORM DRAINAGE MANAGEMENT,Conrad - Louisiana Area Relief,W840,,,,,,0.0,812000.0,0.0,0.0,$K
2023,Flood Management,86,FLOOD PROTECTION AND STORM DRAINAGE MANAGEMENT,Contingency,W509,,,,,,2500000.0,2500000.0,0.0,0.0,$K
2023,Stormwater Drainage Management,86,FLOOD PROTECTION AND STORM DRAINAGE MANAGEMENT,Coombs Creek Bridge @ 9th,W733,,,,,,0.0,335000.0,0.0,0.0,$K
2023,Stormwater Drainage Management,86,FLOOD PROTECTION AND STORM DRAINAGE MANAGEMENT,Coombs Creek Bridge @ Barnett,W734,,,,,,0.0,280000.0,0.0,0.0,$K
2023,Stormwater Drainage Management,86,FLOOD PROTECTION AND STORM DRAINAGE MANAGEMENT,Coombs Creek Bridge @ Brooklyndell,W736,,,,,,0.0,260000.0,0.0,39000.0,$K
2023,Stormwater Drainage Management,86,FLOOD PROTECTION AND STORM DRAINAGE MANAGEMENT,Coombs Creek Bridge @ Colorado,W735,,,,,,0.0,1439000.0,0.0,0.0,$K
2023,Stormwater Drainage Management,87,FLOOD PROTECTION AND STORM DRAINAGE MANAGEMENT,Coombs Creek Bridge @ Plymouth,W737,,,,,,0.0,6400000.0,0.0,960000.0,$K
2023,Stormwater Drainage Management,87,FLOOD PROTECTION AND STORM DRAINAGE MANAGEMENT,Counts S 4690,X014,,,,,,0.0,210000.0,31500.0,178500.0,$K
2023,Erosion Control,87,FLOOD PROTECTION AND STORM DRAINAGE MANAGEMENT,Creek Bend Road 7028,VD80,,,2024,,,73515.0,73515.0,0.0,0.0,$K
2023,Stormwater Drainage Management,87,FLOOD PROTECTION AND STORM DRAINAGE MANAGEMENT,Creek Bend Road 7028,VD80,,,2024,,,2210.0,2210.0,0.0,0.0,$K
2023,Storm Drainage Relief System,87,FLOOD PROTECTION AND STORM DRAINAGE MANAGEMENT,Creek Bend Road 7028,VD80,,,2024,,,6275.0,6275.0,0.0,0.0,$K
2023,Stormwater Drainage Management,87,FLOOD PROTECTION AND STORM DRAINAGE MANAGEMENT,Crestview East Addition No. 2 (Beechmont 2779) Drainage Relief System,W738,,,,,,0.0,2500000.0,0.0,0.0,$K
2023,Stormwater Drainage Management,87,FLOOD PROTECTION AND STORM DRAINAGE MANAGEMENT,CTP,W139,,,2032,,,1180293.0,1180293.0,0.0,0.0,$K
2023,Flood Management,87,FLOOD PROTECTION AND STORM DRAINAGE MANAGEMENT,Cypress Branch @ Jennie Lee,VD75,,,2025,,,981337.0,981337.0,0.0,0.0,$K
2023,Stormwater Drainage Management,87,FLOOD PROTECTION AND STORM DRAINAGE MANAGEMENT,Dallas Floodway DFE PPA,W446,,,2027,,,15072.0,15072.0,0.0,0.0,$K
2023,Stormwater Drainage Management,87,FLOOD PROTECTION AND STORM DRAINAGE MANAGEMENT,Dallas Floodway DFE PPA,W446,,,2027,,,610899.0,610899.0,0.0,0.0,$K
2023,Trinity River Corridor Projects,87,FLOOD PROTECTION AND STORM DRAINAGE MANAGEMENT,Dallas Floodway DFE PPA,W446,,,2027,,,591135.0,591135.0,0.0,0.0,$K
2023,Erosion Control,87,FLOOD PROTECTION AND STORM DRAINAGE MANAGEMENT,Dallas Floodway Extension,W632,,,2027,,,20990.0,20990.0,0.0,0.0,$K
2023,Flood Management,88,FLOOD PROTECTION AND STORM DRAINAGE MANAGEMENT,Dallas Floodway Extension,W632,,,2027,,,1278436.0,1278436.0,0.0,0.0,$K
2023,Stormwater Drainage Management,88,FLOOD PROTECTION AND STORM DRAINAGE MANAGEMENT,Dallas Floodway Extension,W632,,,2027,,,209208.0,209208.0,0.0,0.0,$K
2023,Stormwater Drainage Management,88,FLOOD PROTECTION AND STORM DRAINAGE MANAGEMENT,Dallas Floodway Extension,W632,,,2027,,,346151.0,346151.0,0.0,0.0,$K
2023,Stormwater Drainage Management,88,FLOOD PROTECTION AND STORM DRAINAGE MANAGEMENT,Dallas Floodway Extension,W632,,,2027,,,145606.0,145606.0,0.0,0.0,$K
2023,Stormwater Drainage Management,88,FLOOD PROTECTION AND STORM DRAINAGE MANAGEMENT,Dallas Floodway Extension,W632,,,2027,,,4141038.0,4141038.0,0.0,0.0,$K
2023,Stormwater Drainage Management,88,FLOOD PROTECTION AND STORM DRAINAGE MANAGEMENT,Dallas Floodway Extension,W632,,,2027,,,1492598.0,1492598.0,0.0,0.0,$K
2023,Trinity River Corridor Projects,88,FLOOD PROTECTION AND STORM DRAINAGE MANAGEMENT,Dallas Floodway Extension,W632,,,2027,,,9450715.0,9450715.0,0.0,0.0,$K
2023,Trinity River Corridor Projects,88,FLOOD PROTECTION AND STORM DRAINAGE MANAGEMENT,Dallas Floodway Extension,W632,,,2027,,,13574371.0,13574371.0,0.0,0.0,$K
2023,Stormwater Drainage Management,88,FLOOD PROTECTION AND STORM DRAINAGE MANAGEMENT,Dixon Branch - E Prong Culvert @ Mediterranean,W740,,,,,,0.0,580000.0,0.0,0.0,$K
2023,Stormwater Drainage Management,88,FLOOD PROTECTION AND STORM DRAINAGE MANAGEMENT,Dixon Branch Relief System (RL Areas 18 & 19),W845,,,,,,0.0,7500000.0,0.0,0.0,$K
2023,Stormwater Drainage Management,88,FLOOD PROTECTION AND STORM DRAINAGE MANAGEMENT,Dorrington Circle 3106,W741,,,2025,,,24000.0,160000.0,136000.0,0.0,$K
2023,Stormwater Drainage Management,89,FLOOD PROTECTION AND STORM DRAINAGE MANAGEMENT,Dredge Maintenance,W405,,,2032,,,350000.0,1500000.0,250000.0,200000.0,$K
2023,Erosion Control,89,FLOOD PROTECTION AND STORM DRAINAGE MANAGEMENT,"El Cerrito Storm Drainage, 2470",VD11,,,2024,,,200001.0,200001.0,0.0,0.0,$K
2023,Stormwater Drainage Management,89,FLOOD PROTECTION AND STORM DRAINAGE MANAGEMENT,El Tivoli @ Reverchon Drainage Relief System,W742,,,,,,0.0,1855000.0,222600.0,0.0,$K
2023,Stormwater Drainage Management,89,FLOOD PROTECTION AND STORM DRAINAGE MANAGEMENT,El Tivoli Branch Culvert @ Plymouth Road,W847,,,,,,0.0,500000.0,60000.0,0.0,$K
2023,Stormwater Drainage Management,89,FLOOD PROTECTION AND STORM DRAINAGE MANAGEMENT,Elm Fork Trinity River - Upper East @ Skyline Trail Bridge / Trinity View Park,W846,,,,,,0.0,1600000.0,192000.0,1408000.0,$K
2023,Stormwater Drainage Management,89,FLOOD PROTECTION AND STORM DRAINAGE MANAGEMENT,Elmwood Branch Bridge @ Melbourne,W743,,,,,,0.0,210000.0,0.0,0.0,$K
2023,Stormwater Drainage Management,89,FLOOD PROTECTION AND STORM DRAINAGE MANAGEMENT,Elmwood Branch Culvert @ Edgefield,W744,,,,,,0.0,320000.0,0.0,0.0,$K
2023,Stormwater Drainage Management,89,FLOOD PROTECTION AND STORM DRAINAGE MANAGEMENT,Elmwood Branch Culvert @ Tyler & Vernon,W745,,,,,,0.0,240000.0,0.0,0.0,$K
2023,Stormwater Drainage Management,90,FLOOD PROTECTION AND STORM DRAINAGE MANAGEMENT,Emergency Pipe Repairs - Major Maintenance of Collapsed Pipe in Critical Areas,W268,,,2032,,,101058.0,1251058.0,250000.0,200000.0,$K
2023,Stormwater Drainage Management,90,FLOOD PROTECTION AND STORM DRAINAGE MANAGEMENT,Estes Branch Channel Improvements (2704 Mossglen),W746,,,,,,0.0,2300000.0,0.0,0.0,$K
2023,Stormwater Drainage Management,90,FLOOD PROTECTION AND STORM DRAINAGE MANAGEMENT,Eustis Ave 86008800 Blk & KCS Railroad Backwater Analysis,W747,,,,,,0.0,200000.0,0.0,200000.0,$K
2023,Stormwater Drainage Management,90,FLOOD PROTECTION AND STORM DRAINAGE MANAGEMENT,"Fair Oaks Crossing, 8555",W406,,,2024,,,588854.0,588854.0,0.0,0.0,$K
2023,Stormwater Drainage Management,90,FLOOD PROTECTION AND STORM DRAINAGE MANAGEMENT,"Fair Oaks Detention Basin, Dredging",W407,,,2024,,,793138.0,793138.0,0.0,0.0,$K
2023,Stormwater Drainage Management,90,FLOOD PROTECTION AND STORM DRAINAGE MANAGEMENT,Flood Management Area - Major Maintenance,W194,,,2032,,,0.0,906375.0,225000.0,6375.0,$K
2023,Stormwater Drainage Management,90,FLOOD PROTECTION AND STORM DRAINAGE MANAGEMENT,Forest Lane 9833,X011,,,,,,0.0,140000.0,21000.0,119000.0,$K
2023,Stormwater Drainage Management,91,FLOOD PROTECTION AND STORM DRAINAGE MANAGEMENT,Forest Ridge 9700 Block-Chiswell 9600 Block,VD76,,,2025,,,1413927.0,1413927.0,0.0,0.0,$K
2023,Stormwater Drainage Management,91,FLOOD PROTECTION AND STORM DRAINAGE MANAGEMENT,"Fox Hollow Lake, Dredging",W408,,,2024,,,137770.0,137770.0,0.0,0.0,$K
2023,Stormwater Drainage Management,91,FLOOD PROTECTION AND STORM DRAINAGE MANAGEMENT,Funds to Supplement 2017 Bond Projects,W848,,,2024,,,2548202.0,10548202.0,8000000.0,0.0,$K
2023,Stormwater Drainage Management,91,FLOOD PROTECTION AND STORM DRAINAGE MANAGEMENT,FY22 EAN-SDM Fleet-Equipment Replacement,E449,,,,,,2500000.0,2500000.0,0.0,0.0,$K
2023,Stormwater Drainage Management,91,FLOOD PROTECTION AND STORM DRAINAGE MANAGEMENT,FY23 EAN-SDM Storm Drainage Management,W904,,,,,,2500000.0,2500000.0,0.0,0.0,$K
2023,Stormwater Drainage Management,91,FLOOD PROTECTION AND STORM DRAINAGE MANAGEMENT,Gabion - Major Maintenance,W196,,,2032,,,0.0,1075000.0,225000.0,200000.0,$K
2023,Stormwater Drainage Management,91,FLOOD PROTECTION AND STORM DRAINAGE MANAGEMENT,Gateridge 6841 Storm Drainage Relief,W849,,,,,,0.0,348000.0,0.0,0.0,$K
2023,- Storm Drainage Relief System,91,FLOOD PROTECTION AND STORM DRAINAGE MANAGEMENT,Gifford-Roanoke Area Relief System Phase II/ Brookhollow Bridge,VD38,,,2025,,,1544217.0,1544217.0,0.0,0.0,$K
2023,Stormwater Drainage Management,91,FLOOD PROTECTION AND STORM DRAINAGE MANAGEMENT,Glen Oaks 816,S723,,,2023,,,647705.0,647705.0,0.0,0.0,$K
2023,Stormwater Drainage Management,92,FLOOD PROTECTION AND STORM DRAINAGE MANAGEMENT,Grauwyler Gate,W751,,,,,,0.0,500000.0,0.0,0.0,$K
2023,Stormwater Drainage Management,92,FLOOD PROTECTION AND STORM DRAINAGE MANAGEMENT,"Greendale 1721, 1716",VD67,,,2024,,,105000.0,105000.0,0.0,0.0,$K
2023,Stormwater Drainage Management,92,FLOOD PROTECTION AND STORM DRAINAGE MANAGEMENT,Greenhollow/ Sapling Way/ Clearsprings RL,W200,,,2025,,,1370700.0,1370700.0,0.0,0.0,$K
2023,Stormwater Drainage Management,92,FLOOD PROTECTION AND STORM DRAINAGE MANAGEMENT,Greenspan - Kirnwood Area,VD65,,,2025,,,2091890.0,2091890.0,0.0,0.0,$K
2023,Stormwater Drainage Management,92,FLOOD PROTECTION AND STORM DRAINAGE MANAGEMENT,Guildhall-McCree Storm Drainage Relief System,W213,,,2025,,,4699970.0,4699970.0,0.0,0.0,$K
2023,Stormwater Drainage Management,92,FLOOD PROTECTION AND STORM DRAINAGE MANAGEMENT,Hampton Gate,VD34,,,2024,,,300220.0,300220.0,0.0,0.0,$K
2023,Flood Management,92,FLOOD PROTECTION AND STORM DRAINAGE MANAGEMENT,Hatfield Branch @ Seagoville Channel Improvements,VD71,,,2025,,,563179.0,563179.0,0.0,0.0,$K
2023,Stormwater Drainage Management,92,FLOOD PROTECTION AND STORM DRAINAGE MANAGEMENT,Hatfield Branch Dam Spillway Rehabilitation,W852,,,,,,0.0,1000000.0,120000.0,0.0,$K
2023,Stormwater Drainage Management,92,FLOOD PROTECTION AND STORM DRAINAGE MANAGEMENT,Hickory Creek Floodplain Management Study,W270,,,2025,,,228066.0,228066.0,0.0,0.0,$K
2023,Stormwater Drainage Management,93,FLOOD PROTECTION AND STORM DRAINAGE MANAGEMENT,Highgrove Area Drainage Relief System,W410,,,2025,,,415500.0,4155000.0,739500.0,3000000.0,$K
2023,Storm Drainage Relief System,93,FLOOD PROTECTION AND STORM DRAINAGE MANAGEMENT,"Highland Road, 2447",VD68,,,2024,,,195000.0,195000.0,0.0,0.0,$K
2023,Stormwater Drainage Management,93,FLOOD PROTECTION AND STORM DRAINAGE MANAGEMENT,Holland @ Miles Drainage Relief System,X012,,,,,,0.0,5000000.0,0.0,750000.0,$K
2023,Stormwater Drainage Management,93,FLOOD PROTECTION AND STORM DRAINAGE MANAGEMENT,"Holliday, 3445, 3449, 3605, 3621",W411,,,2026,,,1040000.0,1040000.0,0.0,0.0,$K
2023,Stormwater Drainage Management,93,FLOOD PROTECTION AND STORM DRAINAGE MANAGEMENT,"Hollow Ridge, 4804",VD74,,,2025,,,273821.0,273821.0,0.0,0.0,$K
2023,Stormwater Drainage Management,93,FLOOD PROTECTION AND STORM DRAINAGE MANAGEMENT,"Homer Street, 3215",VD43,,,2025,,,1178240.0,1178240.0,0.0,0.0,$K
2023,Stormwater Drainage Management,93,FLOOD PROTECTION AND STORM DRAINAGE MANAGEMENT,Jackson Branch - Church Road Bridge,W753,,,,,,0.0,1370000.0,0.0,0.0,$K
2023,Stormwater Drainage Management,93,FLOOD PROTECTION AND STORM DRAINAGE MANAGEMENT,Joes Creek - West Fork Channel and Culvert Improvements,W276,,,,,,0.0,15500000.0,0.0,1900000.0,$K
2023,Flood Management,93,FLOOD PROTECTION AND STORM DRAINAGE MANAGEMENT,Joe's Creek West Fork Bridge @ Walnut Hill,VD47,,,2025,,,470000.0,470000.0,0.0,0.0,$K
2023,Stormwater Drainage Management,93,FLOOD PROTECTION AND STORM DRAINAGE MANAGEMENT,"Keeton Park Lake, Dredging",W412,,,2024,,,790798.0,790798.0,0.0,0.0,$K
2023,Stormwater Drainage Management,94,FLOOD PROTECTION AND STORM DRAINAGE MANAGEMENT,Kidd Springs Branch @ Colorado,W754,,,,,,0.0,3310000.0,0.0,0.0,$K
2023,Stormwater Drainage Management,94,FLOOD PROTECTION AND STORM DRAINAGE MANAGEMENT,Kidd Springs Tunnel Rehabilitation,W854,,,2025,,,36000.0,336000.0,300000.0,0.0,$K
2023,Stormwater Drainage Management,94,FLOOD PROTECTION AND STORM DRAINAGE MANAGEMENT,Kiest Boulevard W. 2412,W234,,,2023,,,383381.0,575781.0,192400.0,0.0,$K
2023,Stormwater Drainage Management,94,FLOOD PROTECTION AND STORM DRAINAGE MANAGEMENT,"Kiesthill (3425, 3407, 3411, 3431), Kiest Crest (3610), Kiest (3327, 3335, 3419), and Kiest Crest",W414,,,2026,,,3553750.0,3553750.0,0.0,0.0,$K
2023,Erosion Control,94,FLOOD PROTECTION AND STORM DRAINAGE MANAGEMENT,Kiltartan 1511,S735,,,2025,,,1140750.0,1140750.0,0.0,0.0,$K
2023,Stormwater Drainage Management,94,FLOOD PROTECTION AND STORM DRAINAGE MANAGEMENT,Kiltartan 1519,W755,,,2025,,,33600.0,224000.0,190400.0,0.0,$K
2023,Flood Management,94,FLOOD PROTECTION AND STORM DRAINAGE MANAGEMENT,Kings Branch @ Genoa,VD61,,,2024,,,262000.0,262000.0,0.0,0.0,$K
2023,Stormwater Drainage Management,94,FLOOD PROTECTION AND STORM DRAINAGE MANAGEMENT,Kings Branch Culvert @ Genoa,VD61,,,2024,,,627202.0,627202.0,0.0,0.0,$K
2023,Flood Management,94,FLOOD PROTECTION AND STORM DRAINAGE MANAGEMENT,Kings Branch Culvert @ Stella,VD58,,,2024,,,192000.0,192000.0,0.0,0.0,$K
2023,Stormwater Drainage Management,94,FLOOD PROTECTION AND STORM DRAINAGE MANAGEMENT,Kings Branch Culvert @ Stella,VD58,,,2024,,,671403.0,671403.0,0.0,0.0,$K
2023,Stormwater Drainage Management,95,FLOOD PROTECTION AND STORM DRAINAGE MANAGEMENT,Knight Street 2426 & 2428,W757,,,,,,0.0,1405000.0,0.0,0.0,$K
2023,Stormwater Drainage Management,95,FLOOD PROTECTION AND STORM DRAINAGE MANAGEMENT,Knights Branch Upper Relief System Phase 2,W855,,,,,,0.0,2400000.0,0.0,0.0,$K
2023,Stormwater Drainage Management,95,FLOOD PROTECTION AND STORM DRAINAGE MANAGEMENT,Knights Branch Upper Relief System Study,W756,,,,,,0.0,565000.0,0.0,0.0,$K
2023,Stormwater Drainage Management,95,FLOOD PROTECTION AND STORM DRAINAGE MANAGEMENT,Kushla 3800 @ Grinnell,W758,,,,,,0.0,1840000.0,0.0,0.0,$K
2023,Stormwater Drainage Management,95,FLOOD PROTECTION AND STORM DRAINAGE MANAGEMENT,Lafayette Heights Branch Culvert @ Plymouth Road,W858,,,,,,0.0,560000.0,67200.0,0.0,$K
2023,Stormwater Drainage Management,95,FLOOD PROTECTION AND STORM DRAINAGE MANAGEMENT,Lake Cliff Dam Rehabilitation,W860,,,,,,0.0,14000000.0,1680000.0,0.0,$K
2023,Stormwater Drainage Management,95,FLOOD PROTECTION AND STORM DRAINAGE MANAGEMENT,Lake Cliff Dam Seepage Project,W859,,,,,,0.0,1500000.0,0.0,1500000.0,$K
2023,Stormwater Drainage Management,95,FLOOD PROTECTION AND STORM DRAINAGE MANAGEMENT,"Lake Highlands Town Center, Dredge Proje",VD77,,,2024,,,205702.0,205702.0,0.0,0.0,$K
2023,Stormwater Drainage Management,95,FLOOD PROTECTION AND STORM DRAINAGE MANAGEMENT,"Lake Highlands Town Center, Dredge Project",VD77,,,2024,,,1764043.0,1764043.0,0.0,0.0,$K
2023,Flood Management,95,FLOOD PROTECTION AND STORM DRAINAGE MANAGEMENT,Lake June @ St. Augustine,VD72,,,2025,,,871272.0,871272.0,0.0,0.0,$K
2023,Stormwater Drainage Management,96,FLOOD PROTECTION AND STORM DRAINAGE MANAGEMENT,Lane Park - 7100 to 7300 Block,W760,,,,,,0.0,3255000.0,0.0,0.0,$K
2023,Stormwater Drainage Management,96,FLOOD PROTECTION AND STORM DRAINAGE MANAGEMENT,Lansford 1215,X016,,,,,,0.0,1330000.0,199500.0,0.0,$K
2023,Stormwater Drainage Management,96,FLOOD PROTECTION AND STORM DRAINAGE MANAGEMENT,Lansford 1808,X017,,,,,,0.0,350000.0,52500.0,297500.0,$K
2023,Stormwater Drainage Management,96,FLOOD PROTECTION AND STORM DRAINAGE MANAGEMENT,"Linwood Place, Rector Place, Briarwood Storm Drainage Relief",X018,,,,,,0.0,1200000.0,0.0,0.0,$K
2023,Stormwater Drainage Management,96,FLOOD PROTECTION AND STORM DRAINAGE MANAGEMENT,Lisbon Area C,W204,,,2025,,,1654300.0,1654300.0,0.0,0.0,$K
2023,Storm Drainage Relief System,96,FLOOD PROTECTION AND STORM DRAINAGE MANAGEMENT,"Lively Lane, 3808",VD48,,,2024,,,80000.0,80000.0,0.0,0.0,$K
2023,Stormwater Drainage Management,96,FLOOD PROTECTION AND STORM DRAINAGE MANAGEMENT,LLano Ave 6126 Storm Drainage Relief,X019,,,,,,0.0,5200000.0,0.0,0.0,$K
2023,Stormwater Drainage Management,96,FLOOD PROTECTION AND STORM DRAINAGE MANAGEMENT,Loganwood 3602,VD69,,,2025,,,256000.0,256000.0,0.0,0.0,$K
2023,Stormwater Drainage Management,96,FLOOD PROTECTION AND STORM DRAINAGE MANAGEMENT,Loree 1742,W761,,,,,,0.0,975000.0,0.0,0.0,$K
2023,Stormwater Drainage Management,96,FLOOD PROTECTION AND STORM DRAINAGE MANAGEMENT,Mapleleaf Circle/Mapleleaf Lane Area,W763,,,,,,0.0,1295000.0,0.0,0.0,$K
2023,Stormwater Drainage Management,97,FLOOD PROTECTION AND STORM DRAINAGE MANAGEMENT,Master Plans / Floodplain Management Studies,W417,,,2024,,,4540000.0,4540000.0,0.0,0.0,$K
2023,Stormwater Drainage Management,97,FLOOD PROTECTION AND STORM DRAINAGE MANAGEMENT,McCommas Branch FPMS Alt 4,W277,,,2026,,,1098932.0,2498932.0,1400000.0,0.0,$K
2023,Flood Management,97,FLOOD PROTECTION AND STORM DRAINAGE MANAGEMENT,McCree BranchWhite Rock-Flood Management,T515,,,2023,,,41527.0,41527.0,0.0,0.0,$K
2023,Stormwater Drainage Management,97,FLOOD PROTECTION AND STORM DRAINAGE MANAGEMENT,Meadow Lake Ave 7102 & Westlake 7203,W764,,,,,,0.0,4375000.0,0.0,0.0,$K
2023,Erosion Control,97,FLOOD PROTECTION AND STORM DRAINAGE MANAGEMENT,"Meadowcliff 10720, 10726",VD13,,,,,,398183.0,398183.0,0.0,0.0,$K
2023,Erosion Control,97,FLOOD PROTECTION AND STORM DRAINAGE MANAGEMENT,"Meadowcliff 10720, 10726",VD13,,,,,,690400.0,690400.0,0.0,0.0,$K
2023,Stormwater Drainage Management,97,FLOOD PROTECTION AND STORM DRAINAGE MANAGEMENT,Meadowknoll 8911,W765,,,,,,0.0,176000.0,0.0,0.0,$K
2023,Erosion Control,97,FLOOD PROTECTION AND STORM DRAINAGE MANAGEMENT,Meandering Way 16209,VD81,,,2025,,,218318.0,218318.0,0.0,0.0,$K
2023,Stormwater Drainage Management,97,FLOOD PROTECTION AND STORM DRAINAGE MANAGEMENT,Meandering Way 16209,VD81,,,2025,,,5168.0,5168.0,0.0,0.0,$K
2023,Stormwater Drainage Management,97,FLOOD PROTECTION AND STORM DRAINAGE MANAGEMENT,Medical District Drive Drainage Relief System Phase II,W863,,,,,,0.0,1554000.0,0.0,0.0,$K
2023,Stormwater Drainage Management,98,FLOOD PROTECTION AND STORM DRAINAGE MANAGEMENT,Melody Lane 6262 Site 1&2,W766,,,2026,,,253350.0,1689000.0,0.0,1435650.0,$K
2023,Stormwater Drainage Management,98,FLOOD PROTECTION AND STORM DRAINAGE MANAGEMENT,"Mercer Place, 9056",W790,,,2026,,,160000.0,160000.0,0.0,0.0,$K
2023,Flood Management,98,FLOOD PROTECTION AND STORM DRAINAGE MANAGEMENT,Mill Creek Drainage Relief System - Phase I,T525,,,2025,,,153470.0,153470.0,0.0,0.0,$K
2023,Stormwater Drainage Management,98,FLOOD PROTECTION AND STORM DRAINAGE MANAGEMENT,Mill Creek Drainage Relief System - Phase I,T525,,,2025,,,75238953.0,75238953.0,0.0,0.0,$K
2023,Stormwater Drainage Management,98,FLOOD PROTECTION AND STORM DRAINAGE MANAGEMENT,Mill Creek Drainage Relief System - Phase I,T525,,,2025,,,4700000.0,4700000.0,0.0,0.0,$K
2023,Flood Management,98,FLOOD PROTECTION AND STORM DRAINAGE MANAGEMENT,"Mill Creek, Peaks Branch and State Thomas",S769,,,2025,,,216093652.0,216093652.0,0.0,0.0,$K
2023,Stormwater Drainage Management,98,FLOOD PROTECTION AND STORM DRAINAGE MANAGEMENT,Milverton @ Palisade,VD73,,,2024,,,870000.0,870000.0,0.0,0.0,$K
2023,Stormwater Drainage Management,98,FLOOD PROTECTION AND STORM DRAINAGE MANAGEMENT,Milverton @ Palisade,VD73,,,2024,,,744050.0,744050.0,0.0,0.0,$K
2023,Stormwater Drainage Management,98,FLOOD PROTECTION AND STORM DRAINAGE MANAGEMENT,Monte Carlo 1600 and 3400 block,W274,,,2025,,,923942.0,923942.0,0.0,0.0,$K
2023,Stormwater Drainage Management,98,FLOOD PROTECTION AND STORM DRAINAGE MANAGEMENT,N. Winnetka Ave. @ McBroom Street Drainage Relief,W767,,,,,,0.0,265000.0,0.0,0.0,$K
2023,Stormwater Drainage Management,99,FLOOD PROTECTION AND STORM DRAINAGE MANAGEMENT,Nandina - Pine Trail Area,VD63,,,2025,,,913500.0,913500.0,0.0,0.0,$K
2023,Stormwater Drainage Management,99,FLOOD PROTECTION AND STORM DRAINAGE MANAGEMENT,Northcliff Drive 9804,W768,,,,,,0.0,490000.0,73500.0,416500.0,$K
2023,Stormwater Drainage Management,99,FLOOD PROTECTION AND STORM DRAINAGE MANAGEMENT,Northwest Highway @ Tulane,W769,,,,,,0.0,11775000.0,0.0,2550000.0,$K
2023,Stormwater Drainage Management,99,FLOOD PROTECTION AND STORM DRAINAGE MANAGEMENT,Ohio W. 412 416,W236,,,,,,23375.0,23375.0,0.0,0.0,$K
2023,Stormwater Drainage Management,99,FLOOD PROTECTION AND STORM DRAINAGE MANAGEMENT,"Pandora Circle, 13344",W419,,,2026,,,346990.0,346990.0,0.0,0.0,$K
2023,Erosion Control,99,FLOOD PROTECTION AND STORM DRAINAGE MANAGEMENT,Parkdale Bridge - White Rock Creek Tributary,VD08,,,2024,,,97000.0,97000.0,0.0,0.0,$K
2023,Stormwater Drainage Management,99,FLOOD PROTECTION AND STORM DRAINAGE MANAGEMENT,Parkhurst - Brookhurst (Lake Highlands Baptist) Relief System,W867,,,,,,0.0,427200.0,0.0,0.0,$K
2023,Stormwater Drainage Management,99,FLOOD PROTECTION AND STORM DRAINAGE MANAGEMENT,Parrish Branch Culvert @ Wheatland Rd.,W237,,,2024,,,562536.0,562536.0,0.0,0.0,$K
2023,Stormwater Drainage Management,99,FLOOD PROTECTION AND STORM DRAINAGE MANAGEMENT,Peaks Branch Upper Basin Relief System (RL Area 13),W868,,,,,,0.0,19500000.0,0.0,0.0,$K
2023,Stormwater Drainage Management,100,FLOOD PROTECTION AND STORM DRAINAGE MANAGEMENT,Pensive Drive Channel/ Walnut Hill Relief System,W212,,,2025,,,11025000.0,11025000.0,0.0,0.0,$K
2023,Stormwater Drainage Management,100,FLOOD PROTECTION AND STORM DRAINAGE MANAGEMENT,Plano Pky. 8800,W770,,,,,,0.0,690000.0,0.0,0.0,$K
2023,Stormwater Drainage Management,100,FLOOD PROTECTION AND STORM DRAINAGE MANAGEMENT,Planters Glen 12542,X020,,,,,,0.0,200000.0,0.0,0.0,$K
2023,Stormwater Drainage Management,100,FLOOD PROTECTION AND STORM DRAINAGE MANAGEMENT,Pleasant Branch Tonawanda to Bruton,W279,,,2025,,,4686151.0,4686151.0,0.0,0.0,$K
2023,Stormwater Drainage Management,100,FLOOD PROTECTION AND STORM DRAINAGE MANAGEMENT,Plymouth Road Drainage Relief (Avon to Bahama),W869,,,,,,0.0,400000.0,48000.0,0.0,$K
2023,Stormwater Drainage Management,100,FLOOD PROTECTION AND STORM DRAINAGE MANAGEMENT,Polk Street 3425 (RL Area 38),W272,,,2026,,,440000.0,1100000.0,0.0,660000.0,$K
2023,Flood Management,100,FLOOD PROTECTION AND STORM DRAINAGE MANAGEMENT,Prairie Creek Channel & Bridge Improvement @ 175,VD70,,,2025,,,701178.0,701178.0,0.0,0.0,$K
2023,Stormwater Drainage Management,100,FLOOD PROTECTION AND STORM DRAINAGE MANAGEMENT,Prairie Oak Drive 9321 (RL Area 33),VD66,,,2025,,,425000.0,425000.0,0.0,0.0,$K
2023,Stormwater Drainage Management,100,FLOOD PROTECTION AND STORM DRAINAGE MANAGEMENT,Pratt St @ Mayrant Dr. Erosion Control,W870,,,,,,0.0,350000.0,42000.0,308000.0,$K
2023,Stormwater Drainage Management,100,FLOOD PROTECTION AND STORM DRAINAGE MANAGEMENT,"Preston Bend Drive, 17110",W420,,,2026,,,653148.0,653148.0,0.0,0.0,$K
2023,Stormwater Drainage Management,101,FLOOD PROTECTION AND STORM DRAINAGE MANAGEMENT,Preston Creek Place 6166,W771,,,,,,0.0,150000.0,0.0,0.0,$K
2023,Flood Management,101,FLOOD PROTECTION AND STORM DRAINAGE MANAGEMENT,"Preston Hollow Channel, Phases 1& 2, Desco",VD51,,,2025,,,1854000.0,1854000.0,0.0,0.0,$K
2023,Stormwater Drainage Management,101,FLOOD PROTECTION AND STORM DRAINAGE MANAGEMENT,Pyka 3918,W239,,,2023,,,519617.0,519617.0,0.0,0.0,$K
2023,Stormwater Drainage Management,101,FLOOD PROTECTION AND STORM DRAINAGE MANAGEMENT,"Ravinia South, 123",W773,,,,,,0.0,250000.0,0.0,37500.0,$K
2023,Stormwater Drainage Management,101,FLOOD PROTECTION AND STORM DRAINAGE MANAGEMENT,Red Bird Branch Culvert @ Red Bird Lane,W421,,,2026,,,1178448.0,1178448.0,0.0,0.0,$K
2023,Stormwater Drainage Management,101,FLOOD PROTECTION AND STORM DRAINAGE MANAGEMENT,Repetitive Loss Properties,W872,,,2032,,,750000.0,2198370.0,888622.0,0.0,$K
2023,Storm Drainage Relief System,101,FLOOD PROTECTION AND STORM DRAINAGE MANAGEMENT,Rexford Dr @ Shorecrest Dr,VD53,,,2025,,,407775.0,407775.0,0.0,0.0,$K
2023,Stormwater Drainage Management,101,FLOOD PROTECTION AND STORM DRAINAGE MANAGEMENT,Roof & HVAC Replacements,W873,,,2032,,,250000.0,2850000.0,500000.0,300000.0,$K
2023,Stormwater Drainage Management,101,FLOOD PROTECTION AND STORM DRAINAGE MANAGEMENT,"Royal Lane, 3162 (RL Area 7)",VD52,,,2025,,,220000.0,220000.0,0.0,0.0,$K
2023,Stormwater Drainage Management,101,FLOOD PROTECTION AND STORM DRAINAGE MANAGEMENT,"Royal Lane, 7012",VD50,,,2025,,,1658995.0,1658995.0,0.0,0.0,$K
2023,Stormwater Drainage Management,101,FLOOD PROTECTION AND STORM DRAINAGE MANAGEMENT,Sage Valley - Wisteria Area,W776,,,,,,0.0,605000.0,0.0,0.0,$K
2023,Stormwater Drainage Management,102,FLOOD PROTECTION AND STORM DRAINAGE MANAGEMENT,San Gabriel Drive 4300 Blk,W622,,,2026,,,1086750.0,7245000.0,0.0,6158250.0,$K
2023,Stormwater Drainage Management,102,FLOOD PROTECTION AND STORM DRAINAGE MANAGEMENT,"Sinclair, 10514",W423,,,2026,,,162196.0,162196.0,0.0,0.0,$K
2023,Stormwater Drainage Management,102,FLOOD PROTECTION AND STORM DRAINAGE MANAGEMENT,Slaughter Branch Culvert Improvement @ NW Hwy,W876,,,,,,0.0,303600.0,0.0,0.0,$K
2023,Stormwater Drainage Management,102,FLOOD PROTECTION AND STORM DRAINAGE MANAGEMENT,Sonnet Drive Drainage Relief System,W877,,,2026,,,372000.0,3100000.0,0.0,2728000.0,$K
2023,Flood Management,102,FLOOD PROTECTION AND STORM DRAINAGE MANAGEMENT,Sorcey Road @ White Ash,VD41,,,2024,,,261267.0,261267.0,0.0,0.0,$K
2023,Stormwater Drainage Management,102,FLOOD PROTECTION AND STORM DRAINAGE MANAGEMENT,"South Lamar Ph. 2 - Pear, Mooney, Bannock Area",W424,,,2026,,,454518.0,4054518.0,3600000.0,0.0,$K
2023,Erosion Control,102,FLOOD PROTECTION AND STORM DRAINAGE MANAGEMENT,Spring Grove 13316,S751,,,,,,208831.0,208831.0,0.0,0.0,$K
2023,Stormwater Drainage Management,102,FLOOD PROTECTION AND STORM DRAINAGE MANAGEMENT,State-Thomas - Flora/Boll to Fairmont,VD45,,,2025,,,495000.0,495000.0,0.0,0.0,$K
2023,Stormwater Drainage Management,102,FLOOD PROTECTION AND STORM DRAINAGE MANAGEMENT,State-Thomas - Hallsville/ Worthington,VD44,,,2024,,,987050.0,987050.0,0.0,0.0,$K
2023,Stormwater Drainage Management,102,FLOOD PROTECTION AND STORM DRAINAGE MANAGEMENT,State-Thomas @ Woodall Rodgers,T536,,,2025,,,2421392.0,2421392.0,0.0,0.0,$K
2023,Stormwater Drainage Management,102,FLOOD PROTECTION AND STORM DRAINAGE MANAGEMENT,Storm Water Operations Facility,W879,,,,,,0.0,8000000.0,8000000.0,0.0,$K
2023,Stormwater Drainage Management,103,FLOOD PROTECTION AND STORM DRAINAGE MANAGEMENT,"Summer Creek Circle 6145, 6153, 6155, 6157",W426,,,2026,,,1925925.0,1925925.0,0.0,0.0,$K
2023,Erosion Control,103,FLOOD PROTECTION AND STORM DRAINAGE MANAGEMENT,Teakwood Elmridge Drainage Relief,VD49,,,2024,,,617500.0,617500.0,0.0,0.0,$K
2023,Stormwater Drainage Management,103,FLOOD PROTECTION AND STORM DRAINAGE MANAGEMENT,Teakwood Elmridge Drainage Relief,VD49,,,2024,,,314226.0,314226.0,0.0,0.0,$K
2023,Stormwater Drainage Management,103,FLOOD PROTECTION AND STORM DRAINAGE MANAGEMENT,ThrockmortonReagan-Drainage Improvements,W198,,,2025,,,6553018.0,6553018.0,0.0,0.0,$K
2023,Stormwater Drainage Management,103,FLOOD PROTECTION AND STORM DRAINAGE MANAGEMENT,"Trammel Drive, 6561",W427,,,2026,,,162176.0,162176.0,0.0,0.0,$K
2023,Stormwater Drainage Management,103,FLOOD PROTECTION AND STORM DRAINAGE MANAGEMENT,"Tree Shadow Trail, 5910",VD79,,,2025,,,396597.0,396597.0,0.0,0.0,$K
2023,Stormwater Drainage Management,103,FLOOD PROTECTION AND STORM DRAINAGE MANAGEMENT,Trinity River - Lower East @ Bellevue Pressure Sewer,W880,,,,,,0.0,192000.0,0.0,0.0,$K
2023,Stormwater Drainage Management,103,FLOOD PROTECTION AND STORM DRAINAGE MANAGEMENT,Trinity River - Lower East @ RR / Courts Building,W882,,,,,,0.0,192000.0,0.0,0.0,$K
2023,Stormwater Drainage Management,104,FLOOD PROTECTION AND STORM DRAINAGE MANAGEMENT,Trinity River - Lower West @ Margaret Hunt Hill / Ron Kirk Pedestrian Bridge,W881,,,,,,0.0,300000.0,0.0,0.0,$K
2023,Erosion Control,104,FLOOD PROTECTION AND STORM DRAINAGE MANAGEMENT,Turnpike Distribution IV IH30-Commerce,VD36,,,2024,,,162152.0,162152.0,0.0,0.0,$K
2023,Flood Management,104,FLOOD PROTECTION AND STORM DRAINAGE MANAGEMENT,Turtle Creek - Trib 1 Culvert,VD46,,,,,,250000.0,250000.0,0.0,0.0,$K
2023,Stormwater Drainage Management,104,FLOOD PROTECTION AND STORM DRAINAGE MANAGEMENT,Turtle Creek @ Bowen Area - Storm Drainage Relief,W428,,,2026,,,48000.0,320000.0,272000.0,0.0,$K
2023,Stormwater Drainage Management,104,FLOOD PROTECTION AND STORM DRAINAGE MANAGEMENT,Turtle Creek @ Hall,W780,,,,,,0.0,1164000.0,0.0,0.0,$K
2023,Stormwater Drainage Management,104,FLOOD PROTECTION AND STORM DRAINAGE MANAGEMENT,Turtle Creek @ Stonebridge,W781,,,,,,0.0,888000.0,0.0,0.0,$K
2023,Erosion Control,104,FLOOD PROTECTION AND STORM DRAINAGE MANAGEMENT,Twin Creek 9726,S760,,,2025,,,874490.0,874490.0,0.0,0.0,$K
2023,Stormwater Drainage Management,104,FLOOD PROTECTION AND STORM DRAINAGE MANAGEMENT,"Twin Lakes, Dredging",W429,,,2024,,,619603.0,619603.0,0.0,0.0,$K
2023,Stormwater Drainage Management,104,FLOOD PROTECTION AND STORM DRAINAGE MANAGEMENT,Tyler (S) - Berkley,W884,,,,,,0.0,3270000.0,0.0,0.0,$K
2023,Stormwater Drainage Management,105,FLOOD PROTECTION AND STORM DRAINAGE MANAGEMENT,University Hills (Houston School St) Bridge@ Ricketts Branch,W783,,,2026,,,150000.0,1000000.0,0.0,850000.0,$K
2023,Trinity River Corridor Projects,105,FLOOD PROTECTION AND STORM DRAINAGE MANAGEMENT,USACE Partnership Funds,W397,,,2027,,,10500.0,10500.0,0.0,0.0,$K
2023,Stormwater Drainage Management,105,FLOOD PROTECTION AND STORM DRAINAGE MANAGEMENT,Van Buren (N) - Cedar Hill Area,W784,,,,,,0.0,1200000.0,0.0,0.0,$K
2023,Stormwater Drainage Management,105,FLOOD PROTECTION AND STORM DRAINAGE MANAGEMENT,"Versailles, 3500",VD83,,,2025,,,787199.0,787199.0,0.0,0.0,$K
2023,Flood Management,105,FLOOD PROTECTION AND STORM DRAINAGE MANAGEMENT,"Vinemont Channel, Drainage Diversion",VD29,,,2024,,,3088511.0,3088511.0,0.0,0.0,$K
2023,Stormwater Drainage Management,105,FLOOD PROTECTION AND STORM DRAINAGE MANAGEMENT,Welch 11811,W785,,,,,,0.0,150000.0,0.0,0.0,$K
2023,Stormwater Drainage Management,105,FLOOD PROTECTION AND STORM DRAINAGE MANAGEMENT,West Fork of Joes Creek Channel Repair - Brockbank Dr @ Channel Dr,W786,,,,,,0.0,1150000.0,0.0,0.0,$K
2023,Stormwater Drainage Management,105,FLOOD PROTECTION AND STORM DRAINAGE MANAGEMENT,White Rock Creek Drainage Study update of 1989 FPMS Study,W269,,,2024,,,275000.0,275000.0,0.0,0.0,$K
2023,Stormwater Drainage Management,105,FLOOD PROTECTION AND STORM DRAINAGE MANAGEMENT,Williamson Branch FPMS Alt 2,W278,,,2027,,,2055000.0,13700000.0,0.0,4500000.0,$K
2023,Stormwater Drainage Management,106,FLOOD PROTECTION AND STORM DRAINAGE MANAGEMENT,WinslowHendersonBeeman Area Relief,W888,,,,,,0.0,4258800.0,0.0,0.0,$K
2023,Stormwater Drainage Management,106,FLOOD PROTECTION AND STORM DRAINAGE MANAGEMENT,"Woodlark Trail, 306",W788,,,,,,0.0,51000.0,0.0,0.0,$K
2023,Stormwater Drainage Management,106,FLOOD PROTECTION AND STORM DRAINAGE MANAGEMENT,Woody Branch @ S Polk St,W430,,,2025,,,659500.0,6595000.0,0.0,5935500.0,$K
2023,Stormwater Drainage Management,106,FLOOD PROTECTION AND STORM DRAINAGE MANAGEMENT,Woody Branch Dam Rehabilitation,X021,,,,,,0.0,5000000.0,0.0,750000.0,$K
2023,Stormwater Drainage Management,106,FLOOD PROTECTION AND STORM DRAINAGE MANAGEMENT,Woody Branch Floodplain Management Study,W271,,,2024,,,200000.0,200000.0,0.0,0.0,$K
2023,Stormwater Drainage Management,106,FLOOD PROTECTION AND STORM DRAINAGE MANAGEMENT,Yosemite 6664,W789,,,,,,0.0,42000.0,0.0,0.0,$K
