cip_year,project_type,source_page,department,project_name,project_id,address_location,start_year,end_year,project_description,project_justification,previous_appropriations,project_total,year_2022,year_2023,year_2024,year_2025,year_2026,year_2027,validation_label,notes
2022,ART MUSEUM COMPLEX - CAPITAL,41,ART MUSEUM,Interior and Exterior Improvements,ART.1.1,,2022.0,2026.0,"Make infrastructure improvements required for life safety and 1,500 basic operations.",,,2500.0,1500.0,,,,1000.0,,,
2022,INDUSTRIAL DEVELOPMENT,47,AVIATION,Airfield Area,AVN.2.1,,,,"This program includes the areas of the Airport reserved for 25,300 XN 9,296XN 9,430 XN 9,465 aircraft operations and aircraft-related activities, and other 5,800 SB 2,060SB 2,131 SB 2,141 SB 2,162 SB 2,170 appurtenances on the Airport. 40,000 FB FB = 14,768FB = 14,965",,,,,,,,,,,
2022,INDUSTRIAL DEVELOPMENT,47,AVIATION,Terminal Area,AVN.3.1,,,,"This includes the Airport passenger terminal buildings, 79,750 XN 19,150XN 20,235 XN 21,187 XN 22,044 XN 22,616 program 480SB including the areas available for baggage handling systems, 2,000 SB 507 SB 531 SB 553 SB 567SB and the sidewalk and curb adjacent to the landside of the 2,000 PB 480PB 507 PB 531 PB 553 PB 567 terminal buildings",,,,,,,,,,,
2022,INDUSTRIAL DEVELOPMENT,47,AVIATION,Outside Terminal Area (OTA),AVN.4.1,,,,"This includes the Airport arrival and departure 1,000 PB 1,013PB 1,017 PB 1,033 PB 1,057PB = 1,060 program roadways, and areas on which a hotel, parking facilities, and car 24,300 XN —- 24,607XN 24,708 XN 25,092 XN 25,693 XN 25,765 rental entities operate. DEPARTMENTAL OVERVIEWS AND FUNDING SCHEDULES-",,,,,,,,,,,
2022,INDUSTRIAL DEVELOPMENT,48,AVIATION,Outside Terminal Area (OTA)-FY21,AVN.4A,,,,"See description under line item 4. 65,000 XT",,,,,,,,,,,
2022,INDUSTRIAL DEVELOPMENT,48,AVIATION,Other Airport,AVN.5.1,,,,"Services This program includes expenses and airport revenues which 8,650 XN 5,758XN 6,339 XN 6,555 XN 7,096 are not directly accounted for in the Airfield Area, Terminal Area, 7,200 FB 4,556FB 4,793 FB 5,276 FB 5,456 FB 5,906 or Outside Terminal Area. Also included here are PNE projects. 150 SB 95SB 100 SB 110 SB 114.SB 123",,,,,,,,,,,
2022,WATERFRONT IMPROVEMENTS:,53,COMMERCE,Neighborhood Commercial Centers-Site Improvements,COM.6.1,,,,"Upgrade curbs, sidewalks, lighting, landscaping, and parking 3100 CN = 2,500CN = 2,000CN = 5,000 CN in commercial corridors to complement public and private investment.",,,,,,,,,,,
2022,WATERFRONT IMPROVEMENTS:,53,COMMERCE,Market East Public Infrastructure,COM.6.2,,,,"Fund improvements to infrastructure in Market Street East area 2,000 CN 1,500 CN of Center City to support additional commercial, residential, and retail development.",,,,,,,,,,,
2022,WATERFRONT IMPROVEMENTS:,53,COMMERCE,Neighborhood Commercial Centers - Site Improvements-FY21,COM.6A,,2027.0,2027.0,See description under line item 6. 500 CT,,,500.0,,,,,,500.0,,
2022,WATERFRONT IMPROVEMENTS:,53,COMMERCE,Neighborhood Commercial Centers - Site Improvements-FY20,COM.6B,,2027.0,2027.0,"See description under line item 6. 2,500 CR OVERVIEWS DEPARTMENTAL AND FUNDING SCHEDULES-",,,2500.0,,,,,,2500.0,,
2022,WATERFRONT IMPROVEMENTS:,54,COMMERCE,Neighborhood Commercial Centers - Site Improvements-FY19,COM.6C,,2027.0,2027.0,"See description under line item 6. 1,857 CR 1,494 CT 6D. Neighborhood Commercial Centers - Site Improvements-FY17 See description under line item 6. 11: CT 6E. Neighborhood Commercial Centers - Site Improvements-FY16 See description under line item 6. 3,067 CT 1,850 PT 3,339 ST 6F. Neighborhood Commercial Centers - Site Improvements-FY15 See description under line item 6. 1CT 6G. Neighborhood Commercial Centers - Site Improvements-FY14 See description under line item 6. 717 CT | CITY OF PHILADELPHIA CAPITAL PROGRAM AND BUDGET FISCAL YEARS 2022-2027",,,3351.0,,,,,,3351.0,,
2022,INDUSTRIAL DEVELOPMENT,55,AVIATION,Lower Schuylkill River Industrial District,AVN.7.1,,,,"Design, fabrication & installation of improvements 500 CN SO0CN 500 CN 500 CN 500 CN SOOCN streetscape to support development sites in the Innovation District portion of the Lower Schuylkill River.",,,,,,,,,,,
2022,INDUSTRIAL DEVELOPMENT,55,AVIATION,Industrial Districts-FY21,AVN.7A,,2027.0,2027.0,"See description under line item 7. 1,000 CT",,,1000.0,,,,,,1000.0,,
2022,INDUSTRIAL DEVELOPMENT,55,AVIATION,Industrial Districts-FY17,AVN.7B,,2027.0,2027.0,"See description under line item 7. 800 FT 2,200 ST DEPARTMENTAL OVERVIEWS AND FUNDING SCHEDULES-",,,3000.0,,,,,,3000.0,,
2022,INDUSTRIAL DEVELOPMENT,56,AVIATION,Industrial Districts-FY16,AVN.7C,,2027.0,2027.0,"See description under line item 7. 1,000 ST",,,1000.0,,,,,,1000.0,,
2022,INDUSTRIAL DEVELOPMENT,56,AVIATION,Navy Yard Infrastructure Improvements,AVN.8.1,,,,"Make infrastructure improvements in support of public and 500 CN 1,000CN private development.",,,,,,,,,,,
2022,INDUSTRIAL DEVELOPMENT,56,AVIATION,Navy Yard Infrastructure Improvements-FY20,AVN.8A,,2027.0,2027.0,"See description under line item 8. 6,100 CT",,,6100.0,,,,,,6100.0,,
2022,INDUSTRIAL DEVELOPMENT,56,AVIATION,Navy Yard Infrastructure Improvements-FY17,AVN.8B,,2027.0,2027.0,"See description under line item 8. 3,900 FT 4,300 ST",,,8200.0,,,,,,8200.0,,
2022,INDUSTRIAL DEVELOPMENT,56,AVIATION,Environmental Assessment/Remediation,AVN.9.1,,,,Provide environmental assessment and remedial assistance to 500 CN 500 CN SOOCN City properties with contamination issues. | CITY OF PHILADELPHIA CAPITAL PROGRAM AND BUDGET FISCAL YEARS 2022-2027,,,,,,,,,,,
2022,WATERFRONT IMPROVEMENTS:,57,COMMERCE,"Improvements, Engineering and Administration",COM.10.1,,,,"10,000 Z 10,0002 7,500Z 7,500Z 7,500 Z 7,500Z Conduct engineering, architectural, and environmental studies related to land acquisition and development",,,,,,,,,,,
2022,WATERFRONT IMPROVEMENTS:,57,COMMERCE,Acquisition and Improvements,COM.11.1,,,,"Purchase and improve industrial sites throughout Philadelphia 20,000 Z = 20,0002 10,000 Z 10,000 2 10,000 Z 10,0002",,,,,,,,,,,
2022,WATERFRONT IMPROVEMENTS:,58,COMMERCE,Penn's Landing Improvements,COM.12.1,,2022.0,2027.0,Make improvements to Penn's Landing.,,,120000.0,9000.0,12000.0,13000.0,21000.0,5000.0,60000.0,corrected,
2022,WATERFRONT IMPROVEMENTS:,58,COMMERCE,Master Plan Implementation,COM.12.2,,2022.0,2027.0,"Implement the Central Delaware Waterfront Master Plan through 1,500 construction, improvement, or acquisition of City assets.",,,10500.0,1500.0,,500.0,,3000.0,5500.0,,
2022,WATERFRONT IMPROVEMENTS:,58,COMMERCE,General Site Improvements,COM.12.3,,2022.0,2027.0,"Implement infrastructure and site improvements in support of 1,500 public and private development.",,,8500.0,1500.0,,500.0,,2000.0,4500.0,,
2022,WATERFRONT IMPROVEMENTS:,58,COMMERCE,Central Delaware River Waterfront-FY17,COM.12A,,2022.0,2027.0,See description under line item 12.,,,10220.0,5110.0,,,,,5110.0,corrected,
2022,WATERFRONT IMPROVEMENTS:,58,COMMERCE,Central Delaware River Waterfront-FY16,COM.12B,,2022.0,2027.0,See description under line item 12.,,,50000.0,25000.0,,,,,25000.0,corrected,
2022,WATERFRONT IMPROVEMENTS:,59,COMMERCE,Schuylkill Riverfront Improvements,COM.13.1,,,,"Complement public and private reinvestment through capital 4,000 1,000CN improvements to the Schuylkill River Trail. 1,000 SB 1,000SB 1,000 SB",,,,,,,,,,,
2022,WATERFRONT IMPROVEMENTS:,59,COMMERCE,Schuylkill River Waterfront-FY21,COM.13A,,2027.0,2027.0,"See description under line item 13. 10,000 CT 3,500 PT 8,500 ST",,,22000.0,,,,,,22000.0,,
2022,WATERFRONT IMPROVEMENTS:,59,COMMERCE,Schuylkill River Waterfront-FY20,COM.13B,,2027.0,2027.0,"See description under line item 13. 3,500 CR 2,000 CT 14,000 FT 1,000 ST",,,20500.0,,,,,,20500.0,,
2022,WATERFRONT IMPROVEMENTS:,60,COMMERCE,Schuylkill River Waterfront-FY19,COM.13C,,2027.0,2027.0,"See description under line item 13. 4,000 PT 1,000 ST 13D. Schuylkill River Waterfront-FY17 See description under line item 13. 4,500 FT 12,050 ST 13E. Schuylkill River Waterfront-FY16 See description under line item 13. 500 FT 1,000 ST",,,5000.0,,,,,,5000.0,,
2022,WATERFRONT IMPROVEMENTS:,60,COMMERCE,North Delaware River Waterfront,COM.14.1,,,,"Complement public and private reinvestment and help 400 CN 500 CN SO00CN = 1,000CN implement the Greenway Master Plan through public improvements along the North Delaware Greenway. | CITY OF PHILADELPHIA CAPITAL PROGRAM AND BUDGET FISCAL YEARS 2022-2027",,,,,,,,,,,
2022,x000 x000 x000,61,COMMERCE,North Delaware River Waterfront-FY17,COM.14A,,2027.0,2027.0,"‘See description under line item 14. 2,470 FT",,,2470.0,,,,,,2470.0,,
2022,x000 x000 x000,61,COMMERCE,North Delaware River Waterfront-FY16,COM.14B,,,,‘See description under line item 14. 500 FT,,,,,,,,,,,
2022,x000 x000 x000,61,COMMERCE,North Delaware River Waterfront-FY15,COM.14C,,2027.0,2027.0,‘See description under line item 14. 236 FT,,,236.0,,,,,,236.0,,
2022,CAPITAL PROJECTS,68,FINANCE,Administration - ITEF,FIN.15.1,,,,"Fund critical renovations and other improvements to City-owned 5,000 CR facilities. 1,500 CN 1,000CN 1,000 CN 1,000 CN 1,000 CN 1,000 25,000 FB 15,000 A",,,,,,,,,,,
2022,CAPITAL PROJECTS,68,FINANCE,Improvements to Facilities-FY21,FIN.15A,,2027.0,2027.0,"See description under line item 15. 6,000 CR",,,6000.0,,,,,,6000.0,,
2022,CAPITAL PROJECTS,68,FINANCE,Improvements to Facilities-FY20,FIN.15B,,2027.0,2027.0,"See description under line item 15. 12,417 CR 1,000 CT | CITY OF PHILADELPHIA CAPITAL PROGRAM AND BUDGET FISCAL YEARS 2022-2027",,,13417.0,,,,,,13417.0,,
2022,CAPITAL PROJECTS,69,FINANCE,Improvements to Facilities-FY19,FIN.15C,,2027.0,2027.0,"See description under line item 15. 2,933 CR 1,647 CT 2,047 PT",,,6627.0,,,,,,6627.0,,
2022,CAPITAL PROJECTS,70,FINANCE,City Council - ITEF CD1,FIN.16.1,,,,Fund critical renovations and other improvements to City-owned 255 CN 255CN 255 CN 255 CN 255 CN 255CN sites as needed.,,,,,,,,,,,
2022,CAPITAL PROJECTS,70,FINANCE,City Council - ITEF CD1-FY21,FIN.16A,,2027.0,2027.0,See description under line item 16. 255 CT,,,255.0,,,,,,255.0,,
2022,CAPITAL PROJECTS,70,FINANCE,City Council - ITEF CD1-FY20,FIN.16B,,2027.0,2027.0,See description under line item 16. 510 CT,,,510.0,,,,,,510.0,,
2022,CAPITAL PROJECTS,70,FINANCE,City Council - ITEF CD1-FY19,FIN.16C,,2027.0,2027.0,See description under line item 16. 300 CT | CITY OF PHILADELPHIA CAPITAL PROGRAM AND BUDGET FISCAL YEARS 2022-2027,,,300.0,,,,,,300.0,,
2022,CAPITAL PROJECTS,71,FINANCE,City Council - ITEF CD1-FY13,FIN.161,,,,See description under line item 16. 2cT,,,,,,,,,,,
2022,CAPITAL PROJECTS,72,FINANCE,City Council - ITEF CD2,FIN.17.1,,,,Fund critical renovations and other improvements to City-owned 255 CN 255CN 255 CN 255 CN 255 CN 255CN sites as needed,,,,,,,,,,,
2022,CAPITAL PROJECTS,72,FINANCE,City Council - ITEF CD2-FY21,FIN.17A,,2027.0,2027.0,See description under line item 17. 255 CT,,,255.0,,,,,,255.0,,
2022,CAPITAL PROJECTS,72,FINANCE,City Council - ITEF CD2-FY20,FIN.17B,,2027.0,2027.0,See description under line item 17. 511 CT S11,,,511.0,,,,,,511.0,,
2022,CAPITAL PROJECTS,72,FINANCE,City Council - ITEF CD2-FY19,FIN.17C,,2027.0,2027.0,See description under line item 17. 330 CT 17D. City Council - ITEF CD2-FY18 See description under line item 17. 81 CT | CITY OF PHILADELPHIA CAPITAL PROGRAM AND BUDGET FISCAL YEARS 2022-2027,,,411.0,,,,,,411.0,,
2022,CAPITAL PROJECTS,73,FINANCE,City Council - ITEF CD2-FY13,FIN.171,,2027.0,2027.0,See description under line item 17. 9CT 17J. City Council - ITEF CD2-FY12 See description under line item 17. 41 CT,,,41.0,,,,,,41.0,,
2022,CAPITAL PROJECTS,74,FINANCE,City Council - ITEF CD3,FIN.18.1,,,,Fund critical renovations and other improvements to City-owned 255 CN 255CN 255 CN 255 CN 255 CN 255CN sites as needed.,,,,,,,,,,,
2022,CAPITAL PROJECTS,74,FINANCE,City Council - ITEF CD3-FY21,FIN.18A,,2027.0,2027.0,See description under line item 18. 255 CT,,,255.0,,,,,,255.0,,
2022,CAPITAL PROJECTS,74,FINANCE,City Council - ITEF CD3-FY20,FIN.18B,,2027.0,2027.0,See description under line item 18. 510 CT | CITY OF PHILADELPHIA CAPITAL PROGRAM AND BUDGET FISCAL YEARS 2022-2027,,,510.0,,,,,,510.0,,
2022,CAPITAL PROJECTS,75,FINANCE,City Council - ITEF CD3-FY19,FIN.18C,,2027.0,2027.0,See description under line item 18. 510 CT 18D. City Council - ITEF CD3-FY18 See description under line item 18. 510 CT 18E. City Council - ITEF CD3-FY17 See description under line item 18. 410 CT 18F. City Council - ITEF CD3-FY16 See description under line item 18. 410 CT 18G. City Council - ITEF CD3-FY15 See description under line item 18. 411 CT 18H. City Council - ITEF CD3-FY14 See description under line item 18. 411 CT,,,2662.0,,,,,,2662.0,,
2022,CAPITAL PROJECTS,76,FINANCE,City Council - ITEF CD3-FY13,FIN.181,,2027.0,2027.0,See description under line item 18. 152 CT 18J. City Council - ITEF CD3-FY12 See description under line item 18. 9CT,,,152.0,,,,,,152.0,,
2022,CAPITAL PROJECTS,76,FINANCE,City Council - ITEF CD4,FIN.19.1,,,,Fund critical renovations and other improvements to City-owned 255 CN 255CN 255 CN 255 CN 255 CN 255CN sites as needed.,,,,,,,,,,,
2022,CAPITAL PROJECTS,76,FINANCE,City Council - ITEF CD4-FY21,FIN.19A,,2027.0,2027.0,See description under line item 19. 255 CT,,,255.0,,,,,,255.0,,
2022,CAPITAL PROJECTS,76,FINANCE,City Council - ITEF CD4-FY20,FIN.19B,,,,See description under line item 19. 1CT,,,,,,,,,,,
2022,CAPITAL PROJECTS,77,FINANCE,City Council - ITEF CD4-FY19,FIN.19C,,2027.0,2027.0,See description under line item 19. 155 CT 19D. City Council - ITEF CD4-FY18 See description under line item 19. 84 CT 419E. City Council - ITEF CD4-FY17 See description under line item 19. 114 CT 419F. City Council - ITEF CD4-FY16 See description under line item 19. 38 CT 19G. City Council - ITEF CD4-FY15 See description under line item 19. 121 CT 19H. City Council - ITEF CD4-FY14 See description under line item 19. 159 CT,,,671.0,,,,,,671.0,,
2022,CAPITAL PROJECTS,78,FINANCE,City Council - ITEF CD4-FY13,FIN.191,,2027.0,2027.0,See description under line item 19. 27 CT 19J. City Council - ITEF CD4-FY00 See description under line item 19. 70 CT,,,97.0,,,,,,97.0,,
2022,CAPITAL PROJECTS,78,FINANCE,City Council - ITEF CDS,FIN.20.1,,,,Fund critical renovations and other improvements to City-owned 255 CN 255CN 255 CN 255 CN 255 CN 255CN sites as needed.,,,,,,,,,,,
2022,CAPITAL PROJECTS,78,FINANCE,City Council - ITEF CD5-FY21,FIN.20A,,2027.0,2027.0,See description under line item 20. 255 CT,,,255.0,,,,,,255.0,,
2022,CAPITAL PROJECTS,78,FINANCE,City Council - ITEF CD5-FY20,FIN.20B,,2027.0,2027.0,See description under line item 20. 510 CT | CITY OF PHILADELPHIA CAPITAL PROGRAM AND BUDGET FISCAL YEARS 2022-2027,,,510.0,,,,,,510.0,,
2022,CAPITAL PROJECTS,79,FINANCE,City Council - ITEF CD5-FY19,FIN.20C,,2027.0,2027.0,"See description under line item 20. 1,500 CR",,,1500.0,,,,,,1500.0,,
2022,CAPITAL PROJECTS,80,FINANCE,City Council - ITEF CD5-FY13,FIN.201,,2027.0,2027.0,See description under line item 20. 410 CT 20J. City Council - ITEF CD5-FY12 See description under line item 20. 210 CT 20K. City Council - ITEF CD5-FY11 See description under line item 20. 41 CT 20L. City Council - ITEF CD5-FY10 See description under line item 20. 1CT,,,661.0,,,,,,661.0,,
2022,CAPITAL PROJECTS,80,FINANCE,City Council ITEF CD6,FIN.21,,,,-,,,,,,,,,,,
2022,CAPITAL PROJECTS,80,FINANCE,City Council - ITEF CD6,FIN.21.1,,,,Fund critical renovations and other improvements to City-owned 255 CN 255CN 255 CN 255 CN 255 CN 255CN sites as needed. | CITY OF PHILADELPHIA CAPITAL PROGRAM AND BUDGET FISCAL YEARS 2022-2027,,,,,,,,,,,
2022,CAPITAL PROJECTS,81,FINANCE,City Council - ITEF CD6-FY21,FIN.21A,,2027.0,2027.0,See description under line item 21 255 CT,,,255.0,,,,,,255.0,,
2022,CAPITAL PROJECTS,81,FINANCE,City Council - ITEF CD6-FY20,FIN.21B,,2027.0,2027.0,See description under line item 21. 510 CT,,,510.0,,,,,,510.0,,
2022,CAPITAL PROJECTS,81,FINANCE,City Council - ITEF CD6-FY19,FIN.21C,,2027.0,2027.0,See description under line item 21. 510 CT 21D. City Council - ITEF CD6-FY18 See description under line item 21 344 CT 21E. City Council - ITEF CD6-FY17 See description under line item 21. 388 CT 21F. City Council - ITEF CD6-FY16 See description under line item 21. 33 CT,,,1275.0,,,,,,1275.0,,
2022,CAPITAL PROJECTS,82,FINANCE,City Council - ITEF CD6-FY13,FIN.211,,2027.0,2027.0,See description under line item 21. 1CT 21J. City Council - ITEF CD6-FY12 See description under line item 21 45 CT 21K. City Council - ITEF CD6-FY10 See description under line item 21. 65 CT 21L. City Council - ITEF CD6-FY09 See description under line item 21. 15 CT | CITY OF PHILADELPHIA CAPITAL PROGRAM AND BUDGET FISCAL YEARS 2022-2027,,,125.0,,,,,,125.0,,
2022,CAPITAL PROJECTS,83,FINANCE,City Council - ITEF CD7,FIN.22.1,,,,Fund critical renovations and other improvements to City-owned 255 CN 255CN 255 CN 255 CN 255 CN 255CN sites as needed,,,,,,,,,,,
2022,CAPITAL PROJECTS,83,FINANCE,City Council - ITEF CD7-FY21,FIN.22A,,2027.0,2027.0,See description under line item 22. 255 CT,,,255.0,,,,,,255.0,,
2022,CAPITAL PROJECTS,83,FINANCE,City Council - ITEF CD7-FY20,FIN.22B,,2027.0,2027.0,See description under line item 22. 510 CT,,,510.0,,,,,,510.0,,
2022,CAPITAL PROJECTS,83,FINANCE,City Council - ITEF CD7-FY19,FIN.22C,,2027.0,2027.0,See description under line item 22. 511 CT S11 22D. City Council - ITEF CD7-FY18 See description under line item 22. 511 CT S11,,,1022.0,,,,,,1022.0,,
2022,CAPITAL PROJECTS,84,FINANCE,City Council - ITEF CD7-FY13,FIN.221,,,,See description under line item 22. 22J. City Council - ITEF CD7-FY12 See description under line item 22. 2cT | CITY OF PHILADELPHIA CAPITAL PROGRAM AND BUDGET FISCAL YEARS 2022-2027,,,,,,,,,,,
2022,CAPITAL PROJECTS,85,FINANCE,City Council - ITEF CD8,FIN.23.1,,,,Fund critical renovations and other improvements to City-owned 255 CN 255CN 255 CN 255 CN 255 CN 255CN sites as needed.,,,,,,,,,,,
2022,CAPITAL PROJECTS,85,FINANCE,City Council - ITEF CD8-FY21,FIN.23A,,2027.0,2027.0,See description under line item 23. 255 CT,,,255.0,,,,,,255.0,,
2022,CAPITAL PROJECTS,85,FINANCE,City Council - ITEF CD8-FY20,FIN.23B,,2027.0,2027.0,See description under line item 23. 510 CT,,,510.0,,,,,,510.0,,
2022,CAPITAL PROJECTS,86,FINANCE,City Council - ITEF CD8-FY19,FIN.23C,,2027.0,2027.0,See description under line item 23. 510 CT 23D. City Council - ITEF CD8-FY18 See description under line item 23. 510 CT 23E. City Council - ITEF CD8-FY17 See description under line item 23. 411 CT at 23F. City Council - ITEF CD8-FY16 See description under line item 23. 37 CT 23G. City Council - ITEF CD8-FY15 See description under line item 23. 242 CT 23H. City Council - ITEF CD8-FY14 See description under line item 23. 409 CT | CITY OF PHILADELPHIA CAPITAL PROGRAM AND BUDGET FISCAL YEARS 2022-2027,,,2119.0,,,,,,2119.0,,
2022,CAPITAL PROJECTS,87,FINANCE,City Council - ITEF CD8-FY13,FIN.231,,2027.0,2027.0,See description under line item 23. 379 CT 23J. City Council - ITEF CD8-FY12 See description under line item 23. 1CT 23K. City Council - ITEF CD8-FY11 See description under line item 23. 86 CT 23L. City Council - ITEF CD8-FY10 See description under line item 23. 21 CT 23M. City Council - ITEF CD8-FY09 See description under line item 23. 32 CT 23N. City Council - ITEF CD8-FY06 See description under line item 23. 2cT,,,518.0,,,,,,518.0,,
2022,CAPITAL PROJECTS,88,FINANCE,City Council - ITEF CD9,FIN.24.1,,,,Fund critical renovations and other improvements to City-owned 255 CN 255CN 255 CN 255 CN 255 CN 255CN sites as needed,,,,,,,,,,,
2022,CAPITAL PROJECTS,88,FINANCE,City Council - ITEF CD9-FY21,FIN.24A,,2027.0,2027.0,See description under line item 24. 255 CT,,,255.0,,,,,,255.0,,
2022,CAPITAL PROJECTS,88,FINANCE,City Council - ITEF CD9-FY20,FIN.24B,,2027.0,2027.0,See description under line item 24. 510 CT,,,510.0,,,,,,510.0,,
2022,CAPITAL PROJECTS,88,FINANCE,City Council - ITEF CD9-FY19,FIN.24C,,2027.0,2027.0,See description under line item 24. 510 CT 24D. City Council - ITEF CD9-FY18 See description under line item 24. 510 CT | CITY OF PHILADELPHIA CAPITAL PROGRAM AND BUDGET FISCAL YEARS 2022-2027,,,1020.0,,,,,,1020.0,,
2022,CAPITAL PROJECTS,89,FINANCE,City Council - ITEF CD9-FY11,FIN.241,,,,See description under line item 24. 1CT,,,,,,,,,,,
2022,CAPITAL PROJECTS,90,FINANCE,City Council - ITEF CD10,FIN.25.1,,,,Fund critical renovations and other improvements to City-owned 255 CN 255CN 255 CN 255 CN 255 CN 255CN sites as needed,,,,,,,,,,,
2022,CAPITAL PROJECTS,90,FINANCE,City Council - ITEF CD10-FY21,FIN.25A,,2027.0,2027.0,See description under line item 25. 255 CT,,,255.0,,,,,,255.0,,
2022,CAPITAL PROJECTS,90,FINANCE,City Council - ITEF CD10-FY20,FIN.25B,,2027.0,2027.0,See description under line item 25. 510 CT,,,510.0,,,,,,510.0,,
2022,CAPITAL PROJECTS,90,FINANCE,City Council - ITEF CD10-FY19,FIN.25C,,2027.0,2027.0,See description under line item 25. 510 CT 25D. City Council - ITEF CD10-FY18 See description under line item 25. 510 CT | CITY OF PHILADELPHIA CAPITAL PROGRAM AND BUDGET FISCAL YEARS 2022-2027,,,1020.0,,,,,,1020.0,,
2022,CAPITAL PROJECTS,91,FINANCE,City Council - ITEF CD10-FY12,FIN.251,,,,See description under line item 25. 2CT 25J. City Council - ITEF CD10-FY11 See description under line item 25. 71: CT,,,,,,,,,,,
2022,FIRE FACILITIES,96,FIRE,Fire Facilities - Exterior renovation,FIRE.26.1,,,,Exterior renovations 100 CN SOCN 50 CN 50 CN 50 CN 50,,,,,,,,,,,
2022,FIRE FACILITIES,96,FIRE,Fire Facilities Kitchens/Bathroom Restoration,FIRE.26.2,,,,Renovate kitchen and bathroom facilities at various fire stations. 500 CN 100CN 50 CN SOCN 50 CN 50,,,,,,,,,,,
2022,FIRE FACILITIES,96,FIRE,Fire Facility Exterior Window and Door Improvements,FIRE.26.3,,,,"Design and construct Fire Facility exterior improvements. 1,150 CN SOCN SO.CN SOCN 50 CN 50",,,,,,,,,,,
2022,FIRE FACILITIES,96,FIRE,"Fire Facilties: Mechanical, Electrical, and Plumbling",FIRE.26.4,,2026.0,2026.0,"Mechanical, electrical, and plumbing improvements 500 CN SOCN SO.CN 50 CN 50 CN 5SOCN",,,5.0,,,,,5.0,,,
2022,FIRE FACILITIES,96,FIRE,Fire Protection Systems,FIRE.26.5,,,,Installation of fire protection system 100 CN SOCN 50 CN 50 CN 50 CN,,,,,,,,,,,
2022,FIRE FACILITIES,96,FIRE,"Fire Station Renovations - Ramps, Sidewalks, Paving",FIRE.26.6,,,,Design and construct concrete site work. 500 CN SOCN 50 CN 50 CN 50 CN 50,,,,,,,,,,,
2022,FIRE FACILITIES,96,FIRE,Roof Replacements,FIRE.26.7,,,,Design and construct roof replacements. 500 CN SOCN SO.CN SO CN 50 CN SOCN | CITY OF PHILADELPHIA CAPITAL PROGRAM AND BUDGET FISCAL YEARS 2022-2027,,,,,,,,,,,
2022,FIRE FACILITIES,97,FIRE,Structural Renovations,FIRE.8,,2026.0,2026.0,Structural Renovations 100 CN SOCN 50 CN 50 CN 50 CN 5OCN,,,5.0,,,,,5.0,,,
2022,FIRE FACILITIES,97,FIRE,Health and Safety Improvements,FIRE.8.9,,2026.0,2026.0,Health and Safety Improvements 100 CN SOCN 50. CN 50 CN 50 CN 5OCN,,,5.0,,,,,5.0,,,
2022,FIRE FACILITIES,97,FIRE,Holistic Fire Facilty Improvements,FIRE.8.10,,2026.0,2026.0,"Design and construct holistic improvements to Fire Engines. 1,450 CN 4,000CN 4,550 CN 4,550 CN 4,550 CN 4,550CN",,,4550.0,,,,,4550.0,,,
2022,FIRE FACILITIES,97,FIRE,Fire Department Interior and Exterior Renovations-FY21,FIRE.26A,,2027.0,2027.0,"See description under line item 26. 4,000 CT",,,4000.0,,,,,,4000.0,,
2022,FIRE FACILITIES,97,FIRE,Fire Department Interior and Exterior Renovations-FY20,FIRE.26B,,2027.0,2027.0,"See description under line item 26. 215 CR 1,947 CT",,,2162.0,,,,,,2162.0,,
2022,FIRE FACILITIES,97,FIRE,Fire Department Interior and Exterior Renovations-FY19,FIRE.26C,,2027.0,2027.0,See description under line item 26. 697 A,,,697.0,,,,,,697.0,,
2022,CAPITAL PROJECTS,102,FLEET MANAGEMENT,Fleet Management Facilities-FY21,FLEET.27A,,2027.0,2027.0,"See description under line item 27. 1,000 CT",,,1000.0,,,,,,1000.0,,
2022,CAPITAL PROJECTS,102,FLEET MANAGEMENT,Fleet Management Facilities-FY19,FLEET.27B,,2027.0,2027.0,See description under line item 27. 81 CT,,,81.0,,,,,,81.0,,
2022,CAPITAL PROJECTS,102,FLEET MANAGEMENT,Fleet Management Facilities-FY18,FLEET.27C,,2027.0,2027.0,See description under line item 27. 460 CT,,,460.0,,,,,,460.0,,
2022,CAPITAL PROJECTS,103,FLEET MANAGEMENT,Fuel Tank Replacement,FLEET.28.1,,2026.0,2026.0,"Replace automotive fuel tanks and piping 500 CN 1,000 CN 500 CN 500 CN 500CN",,,500.0,,,,,500.0,,,
2022,CAPITAL PROJECTS,103,FLEET MANAGEMENT,Fuel Site Environmental Remediation,FLEET.28.2,,,,Remediate contaminated sites including testing and clean of 500 CN SOOCN 500 CN 500 CN 500 CN SOOCN up groundwater and disposal of contaminated soil.,,,,,,,,,,,
2022,CAPITAL PROJECTS,103,FLEET MANAGEMENT,Fuel Dispensing & Monitoring,FLEET.28.3,,,,Replace fuel dispensing systems with efficient and SOOCN 500 CN 500 CN SOOCN more improved monitoring technology.,,,,,,,,,,,
2022,CAPITAL PROJECTS,103,FLEET MANAGEMENT,Fuel Tank Replacement-FY21,FLEET.28A,,2027.0,2027.0,"See description under line item 28. 1,450 CT",,,1450.0,,,,,,1450.0,,
2022,CAPITAL PROJECTS,103,FLEET MANAGEMENT,Fuel Tank Replacement-FY20,FLEET.28B,,2027.0,2027.0,"See description under line item 28. 1,500 CR",,,1500.0,,,,,,1500.0,,
2022,CAPITAL PROJECTS,104,FLEET MANAGEMENT,Fuel Tank Replacement-FY19,FLEET.28C,,2027.0,2027.0,See description under line item 28. 111 CT 28D. Fuel Tank Replacement-FY17 See description under line item 28. 134 CT,,,245.0,,,,,,245.0,,
2022,CAPITAL PROJECTS,104,FLEET MANAGEMENT,Vehicles: Various Departments,FLEET.29.1,,,,"Purchase specialty vehicles used equipment for various 10,500 CN 10,000CN = 10,000CN = 10,000CN = 10,000 CN = as departments.",,,,,,,,,,,
2022,CAPITAL PROJECTS,104,FLEET MANAGEMENT,Vehicle Purchases-FY21,FLEET.29A,,2027.0,2027.0,"See description under line item 29. 4,250 CT",,,4250.0,,,,,,4250.0,,
2022,CAPITAL PROJECTS,104,FLEET MANAGEMENT,Vehicle Purchases-FY20,FLEET.29B,,2027.0,2027.0,"See description under line item 29. 8,219 CR",,,8219.0,,,,,,8219.0,,
2022,CAPITAL PROJECTS,105,FLEET MANAGEMENT,Vehicle Purchases-FY19,FLEET.29C,,2027.0,2027.0,"See description under line item 29. 3,074 CR 2,224 FT 2,000 ST 29D. Vehicle Purchases-FY18 See description under line item 29. 384 FT 2,000 TT",,,7298.0,,,,,,7298.0,,
2022,LIBRARY FACILITIES - CAPITAL,110,FREE LIBRARY,Rebuilding Community Infrastructure,LIB.30.1,,,,"Make improvements to Library facilities through the Rebuilding 1,000 CN Community Infrastructure Initiative.",,,,,,,,,,,
2022,LIBRARY FACILITIES - CAPITAL,110,FREE LIBRARY,Library Branch and Central Improvements,LIB.30.2,,,,"Make improvements to the Central and Branch Libraries. 1,000 CN 1,000CN 2,000 CN 2,000 CN 3,000 CN",,,,,,,,,,,
2022,LIBRARY FACILITIES - CAPITAL,110,FREE LIBRARY,Free Library Improvements-FY20,LIB.30A,,2027.0,2027.0,"See description under line item 30. 1,000 CR 1,719 CT",,,2719.0,,,,,,2719.0,,
2022,LIBRARY FACILITIES - CAPITAL,110,FREE LIBRARY,Free Library Improvements-FY19,LIB.30B,,2027.0,2027.0,"See description under line item 30. 1,000 CT | CITY OF PHILADELPHIA CAPITAL PROGRAM AND BUDGET FISCAL YEARS 2022-2027",,,1000.0,,,,,,1000.0,,
2022,LIBRARY FACILITIES - CAPITAL,111,FREE LIBRARY,Free Library Improvements-FY18,LIB.30C,,2027.0,2027.0,See description under line item 30. 830 CT 30D. Free Library Improvements-FY15 See description under line item 30. 1CT 30E. Free Library Improvements-FY14 See description under line item 30. 691 A 30F. Free Library Improvements-FY09 See description under line item 30. 4cT,,,1521.0,,,,,,1521.0,,
2022,LIBRARY FACILITIES - CAPITAL,111,FREE LIBRARY,HVAC and Infrastructure Upgrades-FY18,LIB.31A,,2027.0,2027.0,See description under line item 31. 25 CT DEPARTMENTAL OVERVIEWS AND FUNDING SCHEDULES-,,,25.0,,,,,,25.0,,
2022,PHILADELPHIA NURSING HOME,117,HEALTH,Electronic Health Records,HLTH.32.1,,,,Implement and Electronic Health Records (EHR) 500 CR S500CR 500 CR 500 CR 500 CR S00CR improve system,,,,,,,,,,,
2022,PHILADELPHIA NURSING HOME,117,HEALTH,Equipment and Renovations - Various Sites,HLTH.32.2,,2026.0,2026.0,"Replace and update equipment and perform renovations at 5,000 5,000SB_— 5,000SB_ = 5,000 SB 5,000 various sites. 10,000 CR 10,000 CR 10,000 CR 10,000 CR 10,000CR",,,10000.0,,,,,10000.0,,,
2022,PHILADELPHIA NURSING HOME,117,HEALTH,Health Department Equipment and Improvements-FY21,HLTH.32A,,2027.0,2027.0,"See description under line item 32. 40,500 CR 5,000 ST",,,45500.0,,,,,,45500.0,,
2022,PHILADELPHIA NURSING HOME,117,HEALTH,Health Department Equipment and Improvements-FY20,HLTH.32B,,2027.0,2027.0,"See description under line item 32. 11,618 CR 5,000 ST DEPARTMENTAL OVERVIEWS AND FUNDING SCHEDULES-",,,16618.0,,,,,,16618.0,,
2022,PHILADELPHIA NURSING HOME,118,HEALTH,Health Department Equipment and Improvements-FY19,HLTH.32C,,2027.0,2027.0,"See description under line item 32 15,500 CR 5,000 ST",,,20500.0,,,,,,20500.0,,
2022,PHILADELPHIA NURSING HOME,118,HEALTH,HVAC and Infrastructure Improvements,HLTH.33.1,,,,"Replace/upgrade HVAC, infrastructure, and safety systems at 500 CN —_5,000CN 300 CN various health centers.",,,,,,,,,,,
2022,PHILADELPHIA NURSING HOME,118,HEALTH,Interior and Exterior Renovations,HLTH.33.2,,,,"Replace and update equipment and perform renovations at 1,000 7OOCN various sites.",,,,,,,,,,,
2022,PHILADELPHIA NURSING HOME,118,HEALTH,Health Facility Renovations-FY21,HLTH.33A,,2027.0,2027.0,See description under line item 33. 600 CT,,,600.0,,,,,,600.0,,
2022,PHILADELPHIA NURSING HOME,118,HEALTH,Health Facility Renovations-FY20,HLTH.33B,,2027.0,2027.0,See description under line item 33. 824 CT | CITY OF PHILADELPHIA CAPITAL PROGRAM AND BUDGET FISCAL YEARS 2022-2027,,,824.0,,,,,,824.0,,
2022,PHILADELPHIA NURSING HOME,119,HEALTH,Health Facility Renovations-FY18,HLTH.33C,,2027.0,2027.0,See description under line item 33. 600 CT “600 33D. Health Facility Renovations-FY17 See description under line item 33.,,,680.0,,,,,,680.0,,
2022,PHILADELPHIA NURSING HOME,120,HEALTH,Equipment and Renovations - Philadelphia Nursing Home-FY21,HLTH.34A,,2027.0,2027.0,"Perform ongoing renovations and procure equipment at the 1,000 CR ee Philadelphia Nursing Home.",,,1000.0,,,,,,1000.0,corrected,
2022,PHILADELPHIA NURSING HOME,120,HEALTH,Equipment and Renovations - Philadelphia Nursing Home-FY20,HLTH.34B,,2027.0,2027.0,Perform ongoing renovations and procure equipment at the 364 CR Philadelphia Nursing Home.,,,364.0,,,,,,364.0,corrected,
2022,PHILADELPHIA NURSING HOME,120,HEALTH,Equipment and Renovations - Philadelphia Nursing Home-FY19,HLTH.34C,,2027.0,2027.0,Perform ongoing renovations and procure equipment at the 978 CR Philadelphia Nursing Home,,,978.0,,,,,,978.0,,
2022,PHILADELPHIA NURSING HOME,124,HEALTH,Rebuilding Community Infrastructure,HLTH.35.1,,,,"Leverage existing part of the Rebuilding 2,000 TB = 2,000TB resources as Community Infrastructure Initiative. 2,900 PB 2,900PB 4,000 FB 4,500 SB -4,5008B",,,,,,,,,,,
2022,PHILADELPHIA NURSING HOME,124,HEALTH,Bethel Burial Ground,HLTH.35.2,,,,Design and construction of a memorial at 400 Catharine Street. 500 CN,,,,,,,,,,,
2022,PHILADELPHIA NURSING HOME,124,HEALTH,Bike Share Infrastructure,HLTH.35.3,,,,"Improvements to infrastructure for Bike Share Program, 400 FB expansion of service 150 CN 150CN 150 CN 150 CN 150 CN 150 area",,,,,,,,,,,
2022,PHILADELPHIA NURSING HOME,124,HEALTH,Planning Study - Air Monitoring Network,HLTH.35.4,,,,Air monitoring network planning study 100 CN 100 CN 100 CN 100 | CITY OF PHILADELPHIA CAPITAL PROGRAM AND BUDGET FISCAL YEARS 2022-2027,,,,,,,,,,,
2022,PHILADELPHIA NURSING HOME,125,HEALTH,Public Safety Radio Replacement,HLTH.5,,2026.0,2026.0,"Replacement of radios in public safety departments. 5,000CN 5,000 CN 5,000 CN 5,000 CN 5,000CN",,,5000.0,,,,,5000.0,,,
2022,PHILADELPHIA NURSING HOME,125,HEALTH,Citywide Facilities-FY21,HLTH.35A,,2027.0,2027.0,"See description under line item 35. 500 CT 4,400 FT 2,900 PT 4,500 ST 1,302 TT",,,13602.0,,,,,,13602.0,,
2022,PHILADELPHIA NURSING HOME,125,HEALTH,Citywide Facilities-FY20,HLTH.35B,,2027.0,2027.0,"See description under line item 35. 1,150 CR 19,517 CT 6,250 FT 2,900 PT 3,933 ST 8,000 TT OVERVIEWS DEPARTMENTAL AND FUNDING SCHEDULES- MANAGING DIRECTOR'S",,,41750.0,,,,,,41750.0,,
2022,PHILADELPHIA NURSING HOME,126,HEALTH,Citywide Facilities-FY19,HLTH.35C,,2027.0,2027.0,"See description under line item 35. 5,900 FT 2,900 PT 4,500 ST 35D. Citywide Facilities-FY18 See description under line item 35. 4,800 FT 3,250 PT 5,962 ST 35E. Citywide Facilities-FY17 See description under line item 35. 250 PT",,,13300.0,,,,,,13300.0,,
2022,PHILADELPHIA NURSING HOME,127,HEALTH,Citywide Facilities-FY11,HLTH.351,,2027.0,2027.0,See description under line item 35. 100 CT TOG,,,100.0,,,,,,100.0,,
2022,PHILADELPHIA NURSING HOME,132,HEALTH,Interior and Exterior Improvements,HLTH.36.1,,2026.0,2026.0,Perform improvement projects associated with 500 CN S500CN 250 CN 250 CN 250 CN 250CN various homeless shelters.,,,250.0,,,,,250.0,,,
2022,PHILADELPHIA NURSING HOME,132,HEALTH,MEP Improvements,HLTH.36.2,,2026.0,2026.0,"Mechanical, Electrical, and/or Plumbing Improvements at 500 CN SOOCN 250 CN 250 CN 250 CN 250CN homeless shelters.-",,,250.0,,,,,250.0,,,
2022,PHILADELPHIA NURSING HOME,132,HEALTH,Infrastructure Improvements,HLTH.36.3,,,,Infrastructure Improvements at city owned homeless shelters. 500 CN SOOCN 500 CN 500 CN 500 CN SOOCN,,,,,,,,,,,
2022,PHILADELPHIA NURSING HOME,132,HEALTH,OSH Facility Renovations-FY21,HLTH.36A,,2027.0,2027.0,"See description under line item 36. 1,000 CT",,,1000.0,,,,,,1000.0,,
2022,PHILADELPHIA NURSING HOME,132,HEALTH,OSH Facility Renovations-FY20,HLTH.36B,,2027.0,2027.0,See description under line item 36. 400 CR,,,400.0,,,,,,400.0,,
2022,FAMILY CARE FACILITIES - CAPITAL,133,OFFICE OF HOMELESS SERVICES,OSH Facility Renovations-FY19,OHS.36C,,2027.0,2027.0,"See description under line item 36. 1,052 CT 36D. OSH Facility Renovations-FY17 See description under line item 36. 85 CT 36E. OSH Facility Renovations-FY16 See description under line item 36. 431 CT",,,1052.0,,,,,,1052.0,,
2022,FAMILY CARE FACILITIES - CAPITAL,136,OFFICE OF HOMELESS SERVICES,Building Automation Systems (BAS) Upgrades and Installatior,OHS.37.2,,2026.0,2026.0,Many of these systems obsolete and need to be upgraded 50 CN SOCN 225 CN 225 CN 225 CN 225CN are in order to increase HVAC reliability and cyber-security in many buildings.,,,225.0,,,,,225.0,,,
2022,FAMILY CARE FACILITIES - CAPITAL,136,OFFICE OF HOMELESS SERVICES,LED Lighting in City Facilities,OHS.37.3,,,,"LED lighting occupant comfort, reduces 150 CN 150CN 150 CN 150 CN 150 CN 150 improves energy use and lowers operating costs.",,,,,,,,,,,
2022,FAMILY CARE FACILITIES - CAPITAL,136,OFFICE OF HOMELESS SERVICES,Energy and Sustainability Improvements-FY21,OHS.37A,,2027.0,2027.0,See description under line item 37. 200 CR | CITY OF PHILADELPHIA CAPITAL PROGRAM AND BUDGET FISCAL YEARS 2022-2027,,,200.0,,,,,,200.0,,
2022,CAPITAL PROJECTS,137,OFFICE OF INNOVATION AND TECHNOLOGY,Energy and Sustainability Improvements-FY20,OIT.37B,,2027.0,2027.0,See description under line item 37. 449 CR OAS,,,449.0,,,,,,449.0,,
2022,CAPITAL PROJECTS,137,OFFICE OF INNOVATION AND TECHNOLOGY,Sustainability and Energy Improvements-FY18,OIT.37C,,2027.0,2027.0,See description under line item 37. 61 CT 37D. Sustainability and Energy Improvements-FY17 See description under line item 37. 10 CT,,,71.0,,,,,,71.0,,
2022,CAPITAL PROJECTS,141,OFFICE OF INNOVATION AND TECHNOLOGY,Network Infrastructure Stabilization & Enhancement,OIT.38.1,,,,"Stabilize, and enhance the network infrastructure that 5,700 CN 3000CN = 4,165CN = 6,965 CN secure provides the computing foundation for the City’s business operations.",,,,,,,,,,,
2022,CAPITAL PROJECTS,141,OFFICE OF INNOVATION AND TECHNOLOGY,Citywide and Departmental Applications,OIT.38.2,,,,"Replace and modernize legacy applications and create new 25,300 CN 18,054CN 17,658 CN 10,000 applications that improve business processes to increase operational efficiency and reduce costs/risks of older applications.",,,,,,,,,,,
2022,CAPITAL PROJECTS,141,OFFICE OF INNOVATION AND TECHNOLOGY,Citywide Technology Improvements & Enhancements-FY21,OIT.38A,,2027.0,2027.0,"See description under line item 38. 13,537 CT",,,13537.0,,,,,,13537.0,,
2022,CAPITAL PROJECTS,141,OFFICE OF INNOVATION AND TECHNOLOGY,Citywide Technology Improvements & Enhancements-FY20,OIT.38B,,2027.0,2027.0,"See description under line item 38. 18,613 CT INNOVATION DEPARTMENTAL OVERVIEWS AND FUNDING SCHEDULES- OFFICE OF AND",,,18613.0,,,,,,18613.0,,
2022,CAPITAL PROJECTS,142,OFFICE OF INNOVATION AND TECHNOLOGY,Citywide Technology Improvements & Enhancements-FY19,OIT.38C,,2027.0,2027.0,"See description under line item 38. 13,273 CT 38D. Citywide Technology Improvements & Enhancements-FY18 See description under line item 38. 7,388 CT 38E. Citywide Technology Improvements & Enhancements-FY17 See description under line item 38. 3,332 CT 38F. Citywide Technology Improvements & Enhancements-FY16 See description under line item 38. 1,018 CT",,,13273.0,,,,,,13273.0,,
2022,CAPITAL PROJECTS,146,PARKS AND RECREATION,Life Safety Improvements,PRK.39.1,,,,"Make life safety improvements including installation of fire alarm 884 CA systems and security surveillance systems at various Parks and 5,500 CN 125CN 750 CN 1,000 CN 2,000 Recreation facilities. | CITY OF PHILADELPHIA CAPITAL PROGRAM AND BUDGET FISCAL YEARS 2022-2027",,,,,,,,,,,
2022,CAPITAL PROJECTS,147,PARKS AND RECREATION,ITEF - Building & Site Infrastructure,PRK.2,,,,"Roof Replacement, Boilers, HVAC, Electrical Upgrades, 1,805 CN 500 CN 500 CN SOOCN Plumbing, Facade Rehabilitation and Interior Improvements",,,,,,,,,,,
2022,CAPITAL PROJECTS,147,PARKS AND RECREATION,Swimming Pool Improvements,PRK.2.3,,,,"Make capital improvements to pools, including site 500 CN 250CN 250 CN 500 CN 500 CN SOOCN swimming and system infrastructure",,,,,,,,,,,
2022,CAPITAL PROJECTS,147,PARKS AND RECREATION,"Buildings, Courts, Play Areas, Athletic Fields-FY21",PRK.39A,,2027.0,2027.0,"See description under line item 39. 13,000 CR 1,000 CT",,,14000.0,,,,,,14000.0,,
2022,CAPITAL PROJECTS,147,PARKS AND RECREATION,"Buildings, Courts, Play Areas, Athletic Fields-FY20",PRK.39B,,2027.0,2027.0,"See description under line item 39. 1,178 CT",,,1178.0,,,,,,1178.0,,
2022,CAPITAL PROJECTS,147,PARKS AND RECREATION,"Buildings, Courts, Play Areas, Athletic Fields-FY19",PRK.39C,,2027.0,2027.0,"See description under line item 39. 369 CR 39D. Buildings, Courts, Play Areas, Athletic Fields-FY17 See description under line item 39. 2,013 CT DEPARTMENTAL OVERVIEWS AND FUNDING SCHEDULES- OFFICE OF ISUSTAINABILITY",,,2382.0,,,,,,2382.0,,
2022,CAPITAL PROJECTS,148,PARKS AND RECREATION,Rebuilding Community Infrastructure,PRK.40.1,,,,"Make improvements to Parks and Recreation facilities through 7,000CN 14,000 CN the Rebuilding Community Infrastructure Initiative.",,,,,,,,,,,
2022,CAPITAL PROJECTS,148,PARKS AND RECREATION,Rebuilding Community Infrastructure-FY20,PRK.40A,,2027.0,2027.0,"See description under line item 40. 7,000 CT",,,7000.0,,,,,,7000.0,,
2022,CAPITAL PROJECTS,148,PARKS AND RECREATION,Rebuilding Community Infrastructure-FY19,PRK.40B,,2027.0,2027.0,"See description under line item 40. 7,000 CT | CITY OF PHILADELPHIA CAPITAL PROGRAM AND BUDGET FISCAL YEARS 2022-2027",,,7000.0,,,,,,7000.0,,
2022,CAPITAL PROJECTS,149,PARKS AND RECREATION,Rebuilding Community Infrastructure-FY18,PRK.40C,,2027.0,2027.0,"See description under line item 40. 4,170 CT a1 Neighborhood Parks and Facilities",,,4170.0,,,,,,4170.0,,
2022,CAPITAL PROJECTS,149,PARKS AND RECREATION,Life Safety Site Improvements,PRK.40C.1,,,,"Make life safety improvements including fire alarm systems, 200CN 500 CN 500 CN SOOCN security surveillance systems, footways, lighting, fencing at various neighborhood parks and facilities.",,,,,,,,,,,
2022,CAPITAL PROJECTS,149,PARKS AND RECREATION,Play Area,PRK.40C.2,,2026.0,2026.0,Improve play areas 450 CN 250CN 500 CN 500 CN 500CN,,,500.0,,,,,500.0,,,
2022,CAPITAL PROJECTS,149,PARKS AND RECREATION,Neighborhood Park Improvements - Citywide,PRK.40C.3,,,,"Rehabilitate various parks throughout the City such FDR 10,000 CN 10,000CN = 10,000CN = 10,000CN 10,000 CN as Park. 1,000 PB 1,000PB 1,000 PB 1,000 PB 1,000 PB",,,,,,,,,,,
2022,CAPITAL PROJECTS,149,PARKS AND RECREATION,Neighborhood Parks-FY21,PRK.41A,,2027.0,2027.0,"See description under line item 41 350 CT 1,000 PT",,,1350.0,,,,,,1350.0,,
2022,CAPITAL PROJECTS,150,PARKS AND RECREATION,Neighborhood Parks-FY20,PRK.41B,,2027.0,2027.0,"See description under line item 41 2,000 CR",,,2000.0,,,,,,2000.0,,
2022,CAPITAL PROJECTS,150,PARKS AND RECREATION,Neighborhood Parks-FY19,PRK.41C,,2027.0,2027.0,"See description under line item 41 1,500 PT 41D. Neighborhood Parks-FY18 See description under line item 41 1,501 PT 41E. Neighborhood Parks-FY17 See description under line item 41. 1CT 2,501 PT 41F. Neighborhood Parks-FY15 See description under line item 41 6 CT 1,500 PT | CITY OF PHILADELPHIA CAPITAL PROGRAM AND BUDGET FISCAL YEARS 2022-2027",,,1500.0,,,,,,1500.0,,
2022,CAPITAL PROJECTS,151,PARKS AND RECREATION,Exterior Improvements,PRK.42.1,,2026.0,2026.0,Restore the exterior of historic structures. 450 CN 460CN 250 CN 250 CN 250CN,,,250.0,,,,,250.0,,,
2022,CAPITAL PROJECTS,151,PARKS AND RECREATION,Interior Improvements,PRK.42.2,,2026.0,2026.0,"Replace deteriorating structural, HVAC, plumbing and electrical 350 CN 100 CN 100CN systems. 100 PB 100PB 100 PB 100 PB 100 PB",,,100.0,,,,,100.0,,,
2022,CAPITAL PROJECTS,151,PARKS AND RECREATION,Park and Street Trees Removal and Planting,PRK.42.3,,2026.0,2026.0,"Plant trees throughout the city and remove dead and diseased 250 CN 125CN 250 CN 250 CN 250CN trees,",,,250.0,,,,,250.0,,,
2022,CAPITAL PROJECTS,151,PARKS AND RECREATION,"Creek Banks, Terrain, Drainage, Paths, Bridges and Infrastruc",PRK.42.4,,,,"Stabilize creek banks, embankments, dams, outfalls and 1,000 FB 1,000FB 1,000 FB 1,000 FB 1,000 FB 1,000 tributaries to control water runoff and erosion along waterways 365 CN 355CN 350 CN 700 CN 700 and bridge improvements",,,,,,,,,,,
2022,CAPITAL PROJECTS,152,PARKS AND RECREATION,Improvements to Footways & Roadways,PRK.5,,2026.0,2026.0,"Improve footways and roadways including installation of 500 CN 300 CN 300 CN 300CN guiderails, fencing and gates- Citywide.",,,300.0,,,,,300.0,,,
2022,CAPITAL PROJECTS,152,PARKS AND RECREATION,Recreation Trails at Various Locations,PRK.5.6,,,,"Improve existing trails and access to new areas throughout the 2,000 FB 2,000 FB city and Park system. 1,000 SB 1,000SB 1,000 SB",,,,,,,,,,,
2022,CAPITAL PROJECTS,152,PARKS AND RECREATION,Horticultural Center - Building and Site Improvements,PRK.5.7,,,,Replace the roof and make structural upgrades and site 950 CN improvements including lighting and pathways.,,,,,,,,,,,
2022,CAPITAL PROJECTS,152,PARKS AND RECREATION,Schuylkill River Retaining Wall Reconstruction,PRK.5.8,,,,"Improve the retaining wall on the Schuylkill River. 500 CN 1,000 CN 1,000 CN 1,000",,,,,,,,,,,
2022,CAPITAL PROJECTS,152,PARKS AND RECREATION,Natural Lands/Large Manicured Parks-FY21,PRK.42A,,2027.0,2027.0,"See description under line item 42. 250 CT 1,000 FT",,,4250.0,,,,,,4250.0,,
2022,CAPITAL PROJECTS,153,PARKS AND RECREATION,Natural Lands/Large Manicured Parks-FY20,PRK.42B,,2027.0,2027.0,"See description under line item 42 146 CR 2,921 CT 3,000 FT",,,6067.0,,,,,,6067.0,,
2022,CAPITAL PROJECTS,153,PARKS AND RECREATION,Natural Lands/Large Manicured Parks-FY19,PRK.42c,,2027.0,2027.0,"See description under line item 42. 2,150 CR 1,487 CT 3,000 FT",,,6637.0,,,,,,6637.0,,
2022,CAPITAL PROJECTS,154,PARKS AND RECREATION,Grant Funded Recreation Projects,PRK.43.1,,,,"Provide appropriation authority for State, Federal and Private 2,000 SB 2,000 SB Grants and appropriate matching City funds. 1,000 FB 1,000FB 1,000 FB 1,000 FB 1,000 FB",,,,,,,,,,,
2022,CAPITAL PROJECTS,154,PARKS AND RECREATION,Dell Music Center,PRK.43.2,,,,Make improvements to the Dell Music Center. 305 CN,,,,,,,,,,,
2022,CAPITAL PROJECTS,155,PARKS AND RECREATION,Community Boathouse,PRK.3,,,,Design and Construction of Community Boathouse 250CN,,,,,,,,,,,
2022,CAPITAL PROJECTS,155,PARKS AND RECREATION,Benjamin Franklin Parkway,PRK.3.4,,,,"Master Plan for B F Parkway (Logan Circle to Eakins Oval0 500 PB 1,000FB 1,000 FB 1,000 FB 500SB 500 SB 500 SB 500 SB",,,,,,,,,,,
2022,CAPITAL PROJECTS,155,PARKS AND RECREATION,Parks and Recreation Projects-FY21,PRK.43A,,2027.0,2027.0,"See description under line item 43. 1,000 FT",,,1000.0,,,,,,1000.0,,
2022,CAPITAL PROJECTS,155,PARKS AND RECREATION,Parks and Recreation Projects-FY20,PRK.43B,,2027.0,2027.0,"See description under line item 43. 1,394 CT 1,000 FT 2,001 PT 4,000 ST",,,11395.0,,,,,,11395.0,,
2022,CAPITAL PROJECTS,156,PARKS AND RECREATION,Parks and Recreation Projects-FY19,PRK.43C,,2027.0,2027.0,"See description under line item 43. 191 CT 1,000 FT 2,500 PT 2,350 ST 43D. Parks and Recreation Projects-FY18 See description under line item 43. 3,500 FT 1,000 PT",,,6041.0,,,,,,6041.0,,
2022,CAPITAL PROJECTS,157,PARKS AND RECREATION,Improvements to Existing Recreation Facilities-CD1,PRK.44.1,,,,Renovate existing recreation facilities in the Department of Parks 395 CN 395CN 395 CN 395 CN 395 CN 395CN and Recreation.,,,,,,,,,,,
2022,CAPITAL PROJECTS,157,PARKS AND RECREATION,Improvements to Existing Recreation Facilities-CD1-FY21,PRK.44A,,2027.0,2027.0,See description under line item 44. 395 CT,,,395.0,,,,,,395.0,,
2022,CAPITAL PROJECTS,157,PARKS AND RECREATION,Improvements to Existing Recreation Facilities-CD1-FY20,PRK.44B,,2027.0,2027.0,See description under line item 44. 540 CT,,,540.0,,,,,,540.0,,
2022,CAPITAL PROJECTS,157,PARKS AND RECREATION,Improvements to Existing Recreation Facilities-CD1-FY19,PRK.44C,,2027.0,2027.0,See description under line item 44. 73 CT 44D. Improvements to Existing Recreation Facilities-CD1-FY18 See description under line item 44. 311 CT,,,384.0,,,,,,384.0,,
2022,CAPITAL PROJECTS,158,PARKS AND RECREATION,Improvements to Existing Recreation Facilities-CD1-FY13,PRK.441,,2027.0,2027.0,See description under line item 44. 30 CT 44J. Improvements to Existing Recreation Facilities-CD1-FY12 See description under line item 44. 106 CT | CITY OF PHILADELPHIA CAPITAL PROGRAM AND BUDGET FISCAL YEARS 2022-2027,,,136.0,,,,,,136.0,,
2022,CAPITAL PROJECTS,159,PARKS AND RECREATION,Improvements to Existing Recreation Facilities-CD2,PRK.45.1,,,,Renovate existing recreation facilities in the Department of Parks 395 CN 395CN 395 CN 395 CN 395 CN 395CN and Recreation.,,,,,,,,,,,
2022,CAPITAL PROJECTS,159,PARKS AND RECREATION,Improvements to Existing Recreation Facilities-CD2-FY21,PRK.45A,,2027.0,2027.0,See description under line item 45. 395 CT,,,395.0,,,,,,395.0,,
2022,CAPITAL PROJECTS,159,PARKS AND RECREATION,Improvements to Existing Recreation Facilities-CD2-FY20,PRK.45B,,2027.0,2027.0,See description under line item 45. 527 CT,,,527.0,,,,,,527.0,,
2022,CAPITAL PROJECTS,160,PARKS AND RECREATION,Improvements to Existing Recreation Facilities-CD2-FY19,PRK.45C,,2027.0,2027.0,See description under line item 45. 619 CT 45D. Improvements to Existing Recreation Facilities-CD2-FY18 See description under line item 45. 64 CT 45E. Improvements to Existing Recreation Facilities-CD2-FY17 See description under line item 45. 283 CT 45F. Improvements to Existing Recreation Facilities-CD2-FY16 See description under line item 45. 41 CT 45G. Improvements to Existing Recreation Facilities-CD2-FY15 See description under line item 45. 50 CT 45H. Improvements to Existing Recreation Facilities-CD2-FY14 See description under line item 45. 105 CT | CITY OF PHILADELPHIA CAPITAL PROGRAM AND BUDGET FISCAL YEARS 2022-2027,,,1162.0,,,,,,1162.0,,
2022,CAPITAL PROJECTS,161,PARKS AND RECREATION,Improvements to Existing Recreation Facilities-CD2-FY13,PRK.451,,2027.0,2027.0,See description under line item 45. 250 CT 45J. Improvements to Existing Recreation Facilities-CD2-FY12 See description under line item 45. 83 CT 45K. Improvements to Existing Recreation Facilities-CD2-FY11 See description under line item 45. 37 CT 45L. Improvements to Existing Recreation Facilities-CD2-FY10 See description under line item 45. 40 CT 45M. Improvements to Existing Recreation Facilities-CD2-FY09 See description under line item 45. 124 CT 45N. Improvements to Existing Recreation Facilities-CD2-FY08 See description under line item 45. 38 CT,,,572.0,,,,,,572.0,,
2022,CAPITAL PROJECTS,162,PARKS AND RECREATION,Improvements to Existing Recreation Facilities-CD2-FY07,PRK.450,,2027.0,2027.0,See description under line item 45. 1CT 45P. Improvements to Existing Recreation Facilities-CD2-FY06 See description under line item 45. 45Q. Improvements to Existing Recreation Facilities-CD2-FY05 See description under line item 45. 13 CT 45R. Improvements to Existing Recreation Facilities-CD2-FY02 See description under line item 45. 8CT 45S. Improvements to Existing Recreation Facilities-CD2-FY01 See description under line item 45. 101 CT,,,114.0,,,,,,114.0,,
2022,CAPITAL PROJECTS,163,PARKS AND RECREATION,Improvements to Existing Recreation Facilities-CD3,PRK.46.1,,,,Renovate existing recreation facilities in the Department of Parks 395 CN 395CN 395 CN 395 CN 395 CN 395CN and Recreation.,,,,,,,,,,,
2022,CAPITAL PROJECTS,163,PARKS AND RECREATION,Improvements to Existing Recreation Facilities-CD3-FY21,PRK.46A,,2027.0,2027.0,See description under line item 46. 395 CT,,,395.0,,,,,,395.0,,
2022,CAPITAL PROJECTS,163,PARKS AND RECREATION,Improvements to Existing Recreation Facilities-CD3-FY20,PRK.46B,,2027.0,2027.0,See description under line item 46. 790 CT,,,790.0,,,,,,790.0,,
2022,CAPITAL PROJECTS,163,PARKS AND RECREATION,Improvements to Existing Recreation Facilities-CD3-FY19,PRK.46C,,2027.0,2027.0,See description under line item 46. 790 CT 46D. Improvements to Existing Recreation Facilities-CD3-FY18 See description under line item 46. 480 CT,,,1270.0,,,,,,1270.0,,
2022,CAPITAL PROJECTS,164,PARKS AND RECREATION,Improvements to Existing Recreation Facilities-CD3-FY13,PRK.461,,2027.0,2027.0,See description under line item 46. 56 CT 46J. Improvements to Existing Recreation Facilities-CD3-FY11 See description under line item 46. 119 CT,,,175.0,,,,,,175.0,,
2022,CAPITAL PROJECTS,165,PARKS AND RECREATION,Improvements to Existing Recreation Facilities-CD3-FY06,PRK.460,,2027.0,2027.0,See description under line item 46. 10 CT 46P. Improvements to Existing Recreation Facilities-CD3-FY04 See description under line item 46. 18 CT,,,28.0,,,,,,28.0,,
2022,CAPITAL PROJECTS,166,PARKS AND RECREATION,Improvements to Existing Recreation Facilities-CD4,PRK.47.1,,,,Renovate existing recreation facilities in the Department of Parks 395 CN 395CN 395 CN 395 CN 395 CN 395CN and Recreation.,,,,,,,,,,,
2022,CAPITAL PROJECTS,166,PARKS AND RECREATION,Improvements to Existing Recreation Facilities-CD4-FY21,PRK.47A,,2027.0,2027.0,See description under line item 47. 395 CT,,,395.0,,,,,,395.0,,
2022,CAPITAL PROJECTS,166,PARKS AND RECREATION,Improvements to Existing Recreation Facilities-CD4-FY20,PRK.47B,,2027.0,2027.0,See description under line item 47. 650 CT,,,650.0,,,,,,650.0,,
2022,CAPITAL PROJECTS,166,PARKS AND RECREATION,Improvements to Existing Recreation Facilities-CD4-FY19,PRK.47C,,2027.0,2027.0,See description under line item 47. 169 CT 47D. Improvements to Existing Recreation Facilities-CD4-FY18 See description under line item 47. 121 CT | CITY OF PHILADELPHIA CAPITAL PROGRAM AND BUDGET FISCAL YEARS 2022-2027,,,290.0,,,,,,290.0,,
2022,CAPITAL PROJECTS,168,PARKS AND RECREATION,Improvements to Existing Recreation Facilities-CD5,PRK.48.1,,2026.0,2026.0,Renovate existing recreation facilities the Department of Parks 395 CN 395CN 395 CN 395 CN 395 CN 395CN in and Recreation. | CITY OF PHILADELPHIA CAPITAL PROGRAM AND BUDGET FISCAL YEARS 2022-2027,,,395.0,,,,,395.0,,,
2022,CAPITAL PROJECTS,169,PARKS AND RECREATION,Improvements to Existing Recreation Facilities-CD5-FY21,PRK.48A,,2027.0,2027.0,See description under line item 48. 395 CT,,,395.0,,,,,,395.0,,
2022,CAPITAL PROJECTS,169,PARKS AND RECREATION,Improvements to Existing Recreation Facilities-CD5-FY20,PRK.48B,,2027.0,2027.0,See description under line item 48. 790 CT,,,790.0,,,,,,790.0,,
2022,CAPITAL PROJECTS,169,PARKS AND RECREATION,Improvements to Existing Recreation Facilities-CD5-FY19,PRK.48C,,2027.0,2027.0,See description under line item 48. 790 CT 48D. Improvements to Existing Recreation Facilities-CD5-FY18 See description under line item 48. 283 CT 48E. Improvements to Existing Recreation Facilities-CD5-FY17 See description under line item 48. 53 CT 48F. Improvements to Existing Recreation Facilities-CD5-FY16 See description under line item 48. 387 CT,,,1513.0,,,,,,1513.0,,
2022,CAPITAL PROJECTS,171,PARKS AND RECREATION,Improvements to Existing Recreation Facilities-CD5-FY07,PRK.480,,2027.0,2027.0,See description under line item 48. 127 CT 48P. Improvements to Existing Recreation Facilities-CD5-FY06 See description under line item 48. 1CT 48Q. Improvements to Existing Recreation Facilities-CD5-FY02 See description under line item 48. 4cCT 48R. Improvements to Existing Recreation Facilities-CD5-FY01 See description under line item 48. 36 CT,,,163.0,,,,,,163.0,,
2022,CAPITAL PROJECTS,172,PARKS AND RECREATION,Improvements to Existing Recreation Facilities-CD6,PRK.49.1,,,,Renovate existing recreation facilities in the Department of Parks 395 CN 395CN 395 CN 395 CN 395 CN 395CN and Recreation.,,,,,,,,,,,
2022,CAPITAL PROJECTS,172,PARKS AND RECREATION,Improvements to Existing Recreation Facilities-CD6-FY21,PRK.49A,,2027.0,2027.0,See description under line item 49. 395 CT,,,395.0,,,,,,395.0,,
2022,CAPITAL PROJECTS,172,PARKS AND RECREATION,Improvements to Existing Recreation Facilities-CD6-FY20,PRK.49B,,2027.0,2027.0,See description under line item 49. 703 CT,,,703.0,,,,,,703.0,,
2022,CAPITAL PROJECTS,172,PARKS AND RECREATION,Improvements to Existing Recreation Facilities-CD6-FY19,PRK.49C,,2027.0,2027.0,See description under line item 49. 173 CT,,,173.0,,,,,,173.0,,
2022,CAPITAL PROJECTS,173,PARKS AND RECREATION,Improvements to Existing Recreation Facilities-CD6-FY13,PRK.491,,2027.0,2027.0,See description under line item 49. 82 CT,,,82.0,,,,,,82.0,,
2022,CAPITAL PROJECTS,175,PARKS AND RECREATION,Improvements to Existing Recreation Facilities-CD7,PRK.50.1,,,,Renovate existing recreation facilities in the Department of Parks 395 CN 395CN 395 CN 395 CN 395 CN 395CN and Recreation.,,,,,,,,,,,
2022,CAPITAL PROJECTS,175,PARKS AND RECREATION,Improvements to Existing Recreation Facilities-CD7-FY21,PRK.50A,,2027.0,2027.0,See description under line item 50. 395 CT,,,395.0,,,,,,395.0,,
2022,CAPITAL PROJECTS,175,PARKS AND RECREATION,Improvements to Existing Recreation Facilities-CD7-FY20,PRK.50B,,2027.0,2027.0,See description under line item 50. 619 CT,,,619.0,,,,,,619.0,,
2022,CAPITAL PROJECTS,175,PARKS AND RECREATION,Improvements to Existing Recreation Facilities-CD7-FY19,PRK.50C,,2027.0,2027.0,See description under line item 50. 457 CT 50D. Improvements to Existing Recreation Facilities-CD7-FY18 See description under line item 50. 3CT,,,457.0,,,,,,457.0,,
2022,CAPITAL PROJECTS,176,PARKS AND RECREATION,Improvements to Existing Recreation Facilities-CD7-FY13,PRK.501,,2027.0,2027.0,See description under line item 50. 30 CT 50J. Improvements to Existing Recreation Facilities-CD7-FY12 See description under line item 50. 16 CT | CITY OF PHILADELPHIA CAPITAL PROGRAM AND BUDGET FISCAL YEARS 2022-2027,,,46.0,,,,,,46.0,,
2022,CAPITAL PROJECTS,177,PARKS AND RECREATION,Improvements to Existing Recreation Facilities-CD7-FY06,PRK.500,,2027.0,2027.0,See description under line item 50. 42 CT OA 50P. Improvements to Existing Recreation Facilities-CD7-FY05 See description under line item 50. 15 CT,,,57.0,,,,,,57.0,,
2022,CAPITAL PROJECTS,178,PARKS AND RECREATION,Improvements to Existing Recreation Facilities-CD8,PRK.51.1,,,,Renovate existing recreation facilities in the Department of Parks 395 CN 395CN 395 CN 395 CN 395 CN 395CN and Recreation.,,,,,,,,,,,
2022,CAPITAL PROJECTS,178,PARKS AND RECREATION,Improvements to Existing Recreation Facilities-CD8-FY21,PRK.51A,,2027.0,2027.0,See description under line item 51 395 CT,,,395.0,,,,,,395.0,,
2022,CAPITAL PROJECTS,178,PARKS AND RECREATION,Improvements to Existing Recreation Facilities-CD8-FY20,PRK.51B,,2027.0,2027.0,See description under line item 51. 790 CT,,,790.0,,,,,,790.0,,
2022,CAPITAL PROJECTS,178,PARKS AND RECREATION,Improvements to Existing Recreation Facilities-CD8-FY19,PRK.51C,,2027.0,2027.0,See description under line item 51. 41 CT | CITY OF PHILADELPHIA CAPITAL PROGRAM AND BUDGET FISCAL YEARS 2022-2027,,,41.0,,,,,,41.0,,
2022,CAPITAL PROJECTS,179,PARKS AND RECREATION,Improvements to Existing Recreation Facilities-CD8-FY13,PRK.511,,2027.0,2027.0,See description under line item 51. 211 CT,,,211.0,,,,,,211.0,,
2022,CAPITAL PROJECTS,180,PARKS AND RECREATION,Improvements to Existing Recreation Facilities-CD8-FY04,PRK.510,,2027.0,2027.0,See description under line item 51. 64 CT | CITY OF PHILADELPHIA CAPITAL PROGRAM AND BUDGET FISCAL YEARS 2022-2027,,,64.0,,,,,,64.0,,
2022,CAPITAL PROJECTS,181,PARKS AND RECREATION,Improvements to Existing Recreation Facilities-CD9,PRK.52.1,,,,Renovate existing recreation facilities in the Department of Parks 395 CN 395CN 395 CN 395 CN 395 CN 395CN and Recreation.,,,,,,,,,,,
2022,CAPITAL PROJECTS,181,PARKS AND RECREATION,Improvements to Existing Recreation Facilities-CD9-FY21,PRK.52A,,2027.0,2027.0,See description under line item 52. 395 CT,,,395.0,,,,,,395.0,,
2022,CAPITAL PROJECTS,182,PARKS AND RECREATION,Improvements to Existing Recreation Facilities-CD9-FY20,PRK.52B,,2027.0,2027.0,See description under line item 52 790 CT,,,790.0,,,,,,790.0,,
2022,CAPITAL PROJECTS,182,PARKS AND RECREATION,Improvements to Existing Recreation Facilities-CD9-FY19,PRK.52C,,2027.0,2027.0,See description under line item 52. 790 CT 52D. Improvements to Existing Recreation Facilities-CD9-FY18 See description under line item 52. 790 CT 52E. Improvements to Existing Recreation Facilities-CD9-FY17 See description under line item 52. 794 CT 52F. Improvements to Existing Recreation Facilities-CD9-FY16 See description under line item 52. 783 CT 52G. Improvements to Existing Recreation Facilities-CD9-FY15 See description under line item 52. 383 CT | CITY OF PHILADELPHIA CAPITAL PROGRAM AND BUDGET FISCAL YEARS 2022-2027,,,3540.0,,,,,,3540.0,,
2022,CAPITAL PROJECTS,183,PARKS AND RECREATION,Improvements to Existing Recreation Facilities-CD9-FY13,PRK.521,,2027.0,2027.0,See description under line item 52. 89 CT 52J. Improvements to Existing Recreation Facilities-CD9-FY11 See description under line item 52. 57 CT S7 52K. Improvements to Existing Recreation Facilities-CD9-FY10 See description under line item 52. 52 CT 52L. Improvements to Existing Recreation Facilities-CD9-FY09 See description under line item 52. 1CT 52M. Improvements to Existing Recreation Facilities-CD9-FY05 See description under line item 52. 46 CT,,,244.0,,,,,,244.0,,
2022,CAPITAL PROJECTS,184,PARKS AND RECREATION,Improvements to Existing Recreation Facilities-CD10,PRK.53.1,,,,Renovate existing recreation facilities in the Department of Parks 395 CN 395CN 395 CN 395 CN 395 CN 395CN and Recreation.,,,,,,,,,,,
2022,CAPITAL PROJECTS,184,PARKS AND RECREATION,Improvements to Existing Recreation Facilities-CD10-FY21,PRK.53A,,2027.0,2027.0,See description under line item 53. 395 CT,,,395.0,,,,,,395.0,,
2022,CAPITAL PROJECTS,184,PARKS AND RECREATION,Improvements to Existing Recreation Facilities-CD10-FY20,PRK.53B,,2027.0,2027.0,See description under line item 53. 39 CR,,,39.0,,,,,,39.0,,
2022,CAPITAL PROJECTS,184,PARKS AND RECREATION,Improvements to Existing Recreation Facilities-CD10-FY19,PRK.53C,,2027.0,2027.0,See description under line item 53. 537 CT,,,537.0,,,,,,537.0,,
2022,CAPITAL PROJECTS,185,PARKS AND RECREATION,Improvements to Existing Recreation Facilities-CD10-FY13,PRK.531,,2027.0,2027.0,See description under line item 53. 435 CT,,,435.0,,,,,,435.0,,
2022,CAPITAL PROJECTS,187,PARKS AND RECREATION,Improvements to the Mann Center for the Performing Arts,PRK.54.1,,,,Perform various improvement projects at the Mann Center. 600 CA,,,,,,,,,,,
2022,CAPITAL PROJECTS,187,PARKS AND RECREATION,Improvements to the Various Cultural Facilities,PRK.54.2,,,,Perform various improvement projects at cultural facilities 500 CN 100CN 100 CN 100 CN 100 throughout the city.,,,,,,,,,,,
2022,CAPITAL PROJECTS,187,PARKS AND RECREATION,Cultural Facilities Improvements-FY20,PRK.54A,,2027.0,2027.0,See description under line item 54. 600 CR,,,600.0,,,,,,600.0,,
2022,CAPITAL PROJECTS,187,PARKS AND RECREATION,Cultural Facilities Improvements-FY18,PRK.54B,,2027.0,2027.0,"See description under line item 54. 3,000 PT",,,3000.0,,,,,,3000.0,,
2022,CAPITAL PROJECTS,187,PARKS AND RECREATION,Cultural Facilities Improvements-FY14,PRK.54C,,2027.0,2027.0,"See description under line item 54. 16 CT 3,200 PT",,,3216.0,,,,,,3216.0,,
2022,CAPITAL PROJECTS,188,PARKS AND RECREATION,Building Improvements-FY14,PRK.55A,,2027.0,2027.0,Design and construct building improvements. 92 CT,,,92.0,,,,,,92.0,,
2022,CAPITAL PROJECTS,188,PARKS AND RECREATION,Building Improvements-FY13,PRK.55B,,2027.0,2027.0,"Design and construct building improvements. 1,700 PT",,,1700.0,,,,,,1700.0,,
2022,CAPITAL PROJECTS,188,PARKS AND RECREATION,Building Improvements-FY12,PRK.55C,,,,Design and construct building improvements. 2cT | CITY OF PHILADELPHIA CAPITAL PROGRAM AND BUDGET FISCAL YEARS 2022-2027,,,,,,,,,,,
2022,CAPITAL PROJECTS,189,PARKS AND RECREATION,Parkland - Site Improvements-FY14,PRK.56A,,2027.0,2027.0,"Design and construct parkland site improvements. 58 CT 2,422 PT",,,2480.0,,,,,,2480.0,,
2022,CAPITAL PROJECTS,189,PARKS AND RECREATION,Parkland - Site Improvements-FY13,PRK.56B,,,,Design and construct parkland site improvements. 3CT,,,,,,,,,,,
2022,CAPITAL PROJECTS,189,PARKS AND RECREATION,Parkland - Site Improvements-FY11,PRK.56C,,2027.0,2027.0,"Design and construct parkland site improvements. 500 ST 56D. Parkland - Site Improvements-FY10 Design and construct parkland site improvements. 83 CT 1,786 FT 3,800 PT 1,450 ST",,,7619.0,,,,,,7619.0,,
2022,CAPITAL PROJECTS,190,PARKS AND RECREATION,"Roadways, Footways, and Parking-FY14",PRK.57A,,2027.0,2027.0,"Design and construct improvements to roadways, footways and 56 CT parking 4,200 ST",,,4256.0,,,,,,4256.0,,
2022,CAPITAL PROJECTS,190,PARKS AND RECREATION,"Roadways, Footways, and Parking-FY13",PRK.57B,,2027.0,2027.0,"Design and construct improvements to roadways, footways and 9CT parking. 400 PT",,,400.0,,,,,,400.0,,
2022,CAPITAL PROJECTS,191,PARKS AND RECREATION,"Roadways, Footways, and Parking-FY11",PRK.57C,,2027.0,2027.0,"Design and construct improvements to roadways, footways and 1,000 FT parking. 700 ST",,,1700.0,,,,,,1700.0,,
2022,CAPITAL PROJECTS,191,PARKS AND RECREATION,Improvements to Existing Recreation Facilities - Infrastructure-FY13,PRK.58A,,2027.0,2027.0,Design and construct infrastructure site improvements. 15 CT,,,15.0,,,,,,15.0,,
2022,CAPITAL PROJECTS,191,PARKS AND RECREATION,Improvements to Existing Recreation Facilities - Infrastructure-FY12,PRK.58B,,2027.0,2027.0,Design and construct infrastructure site improvements. 478 CT,,,478.0,,,,,,478.0,,
2022,CAPITAL PROJECTS,191,PARKS AND RECREATION,Improvements to Existing Recreation Facilities - Infrastructure-FY11,PRK.58C,,2027.0,2027.0,Design and construct infrastructure site improvements. 16 CT,,,16.0,,,,,,16.0,,
2022,CAPITAL PROJECTS,191,PARKS AND RECREATION,Grant Funded Recreation Improvements-FY14,PRK.59A,,2027.0,2027.0,Grant matching funds supporting design and construct site improvements. 351 ST,,,351.0,,,,,,351.0,,
2022,CAPITAL PROJECTS,192,PARKS AND RECREATION,Grant Funded Recreation Improvements-FY13,PRK.59B,,2027.0,2027.0,Grant matching funds supporting design and construct site 901 ST improvements. —,,,901.0,,,,,,901.0,,
2022,CAPITAL PROJECTS,192,PARKS AND RECREATION,Grant Funded Recreation Improvements-FY12,PRK.59C,,2027.0,2027.0,"Grant matching funds supporting design and construct site 529 ST improvements. 59D. Grant Funded Recreation Improvements-FY11 Grant matching funds supporting design and construct site 1,100 PT improvements. 1,231 ST",,,2860.0,,,,,,2860.0,,
2022,POLICE FACILITIES,196,POLICE,Mechanical/Electrical/Plumbing Renovations,POL.60.2,,2026.0,2026.0,"Design and construct mechanical/electrical/plumbing 500 CN 800CN 2,000 CN SOOCN = 3,550 CN 1,500CN renovations at various Police facilities.",,,1500.0,,,,,1500.0,,,
2022,POLICE FACILITIES,196,POLICE,Police Districts Security Improvements,POL.60.3,,,,"Perform facility security improvements. 1,000 CN",,,,,,,,,,,
2022,POLICE FACILITIES,196,POLICE,Police Facilities - Renovations-FY21,POL.60A,,2027.0,2027.0,"See description under line item 60. 21,250 CT",,,21250.0,,,,,,21250.0,,
2022,POLICE FACILITIES,196,POLICE,Police Facilities - Renovations-FY20,POL.60B,,2027.0,2027.0,"See description under line item 60. 470 CR 16,785 CT 5,000 TT | CITY OF PHILADELPHIA CAPITAL PROGRAM AND BUDGET FISCAL YEARS 2022-2027",,,22255.0,,,,,,22255.0,,
2022,POLICE FACILITIES,197,POLICE,Police Facilities - Renovations-FY19,POL.60C,,2027.0,2027.0,"See description under line item 60. 12,016 CT 60D. Police Facilities - Renovations-FY17 See description under line item 60. 111 CT 60E. Police Facilities - Renovations-FY16 See description under line item 60. 147 CT 60F. Police Facilities - Renovations-FY14 See description under line item 60. 1,703 A scr 60G. Police Facilities - Renovations-FY12 See description under line item 60. 36 CT 60H. Police Facilities - Renovations-FY08 See description under line item 60. 928 A OVERVIEWS DEPARTMENTAL AND FUNDING SCHEDULES-",,,12016.0,,,,,,12016.0,,
2022,CORRECTIONAL INSTITUTIONS - CAPITAL,202,PRISONS,PICC Max Side Locks,PRS.61.1,,,,"Replace cell door locks on the Max side of PICC Facility 1,100 CN",,,,,,,,,,,
2022,CORRECTIONAL INSTITUTIONS - CAPITAL,202,PRISONS,Prisons Facilities Infrastructure Improvements,PRS.61.2,,,,"Design and construct building system improvements at 2,000CN 4,500CN — 5,000CN = 5,000 CN 5,000 Detention Center, Philadelphia Industrial Correctional Center, Curran-Fromhold Correctional Facility and Riverside Correctional Facility Renovation",,,,,,,,,,,
2022,CORRECTIONAL INSTITUTIONS - CAPITAL,202,PRISONS,Prison System - Renovations-FY21,PRS.61A,,2027.0,2027.0,See description under line item 61 650 CT,,,650.0,,,,,,650.0,,
2022,CORRECTIONAL INSTITUTIONS - CAPITAL,202,PRISONS,Prison System - Renovations-FY20,PRS.61B,,2027.0,2027.0,"See description under line item 61. 8,872 CR",,,8872.0,,,,,,8872.0,,
2022,CORRECTIONAL INSTITUTIONS - CAPITAL,203,PRISONS,Prison System - Renovations-FY18,PRS.61C,,2027.0,2027.0,"See description under line item 61. 293 CT 61D. Prison System - Renovations-FY17 See description under line item 61. 2,045 CT 61E. Prison System - Renovations-FY16 See description under line item 61. 45 CT 3,700 TT",,,6083.0,,,,,,6083.0,,
2022,BUILDINGS AND FACILITIES - OTHER,208,PUBLIC PROPERTY,Asbestos Abatement & Environmental Remediation,PPD.62.1,,,,Provide environmental abatement and air monitoring at facilities 500 CN SOOCN 500 CN 500 CN 500 CN SO0CN Citywide,,,,,,,,,,,
2022,BUILDINGS AND FACILITIES - OTHER,208,PUBLIC PROPERTY,Citywide Asbestos Abatement & Environmental Remediation-FY21,PPD.62A,,2027.0,2027.0,See description under line item 62. 500 CT,,,500.0,,,,,,500.0,,
2022,BUILDINGS AND FACILITIES - OTHER,208,PUBLIC PROPERTY,Citywide Asbestos Abatement & Environmental Remediation-FY20,PPD.62B,,2027.0,2027.0,See description under line item 62. 449 CT aS,,,449.0,,,,,,449.0,,
2022,BUILDINGS AND FACILITIES - OTHER,208,PUBLIC PROPERTY,Citywide Asbestos Abatement & Environmental Remediation-FY19,PPD.62C,,2027.0,2027.0,See description under line item 62. 220 CT | CITY OF PHILADELPHIA CAPITAL PROGRAM AND BUDGET FISCAL YEARS 2022-2027,,,220.0,,,,,,220.0,,
2022,BUILDINGS AND FACILITIES - OTHER,209,PUBLIC PROPERTY,City Improvements,PPD.63.1,,2022.0,2027.0,"Fund critical renovations and other improvements to City owned 5,500 facilities.",,,15500.0,5500.0,1000.0,500.0,500.0,,8000.0,,
2022,BUILDINGS AND FACILITIES - OTHER,209,PUBLIC PROPERTY,Triplex Facilities Improvements Projects,PPD.63.2,,2022.0,2027.0,"Perform various improvement projects associated with the 11,000 Criminal Justice Center, Municipal Services Building, and One Parkway Building.",,,41900.0,11000.0,1450.0,3000.0,,3000.0,23450.0,,
2022,BUILDINGS AND FACILITIES - OTHER,209,PUBLIC PROPERTY,City Hall Exterior Renovations,PPD.63.3,,2022.0,2027.0,Restore City Hall portals.,,,3000.0,1000.0,,,,,2000.0,corrected,
2022,BUILDINGS AND FACILITIES - OTHER,209,PUBLIC PROPERTY,City Hall Improvements,PPD.63.4,,2022.0,2027.0,Perform various infrastructure improvements to City Hall.,,,25700.0,1500.0,1350.0,3000.0,3000.0,3000.0,13850.0,corrected,
2022,BUILDINGS AND FACILITIES - OTHER,209,PUBLIC PROPERTY,Conservation of Art,PPD.63.5,,2022.0,2027.0,Assess and restore public artwork.,,,2400.0,200.0,400.0,200.0,200.0,200.0,1200.0,corrected,
2022,BUILDINGS AND FACILITIES - OTHER,210,PUBLIC PROPERTY,Improvements to Municipal Facilities-FY21,PPD.63A,,2027.0,2027.0,"See description under line item 63. 500 CR 10,200 CT",,,10700.0,,,,,,10700.0,,
2022,BUILDINGS AND FACILITIES - OTHER,210,PUBLIC PROPERTY,Improvements to Municipal Facilities-FY20,PPD.63B,,2027.0,2027.0,"See description under line item 63. 6,063 CR 4,762 CT",,,10825.0,,,,,,10825.0,,
2022,BUILDINGS AND FACILITIES - OTHER,210,PUBLIC PROPERTY,Improvements to Municipal Facilities-FY19,PPD.63C,,2027.0,2027.0,"See description under line item 63. 1,440 CR",,,1440.0,,,,,,1440.0,,
2022,CAPITAL PROJECTS,216,RECORDS,Records Improvements-FY20,REC.64A,,2027.0,2027.0,See description under line item 64. 248 CR 4cT,,,248.0,,,,,,248.0,,
2022,CAPITAL PROJECTS,216,RECORDS,Records Improvements-FY18,REC.64B,,2027.0,2027.0,See description under line item 64. 94 CT,,,94.0,,,,,,94.0,,
2022,CAPITAL PROJECTS,216,RECORDS,Records Improvements-FY15,REC.64C,,2027.0,2027.0,See description under line item 64. 29 CT,,,29.0,,,,,,29.0,,
2022,STREET LIGHTING,224,STREETS,"Bridge Reconstruction, Rehabilitation, and Restoration",STR.65.1,,2026.0,2026.0,"Reconstruction, rehabilitation, and restoration of existing 4CA bridges. 8,000 FB 20,800FB 41,600 FB 16,000 FB 16,000 FB 16,000FB",,,16000.0,,,,,16000.0,,,
2022,STREET LIGHTING,224,STREETS,Bridge Reconstruction and Improvements - Act 89 & Act 44 (fk,STR.65.2,,,,"Reconstruction, rehabilitation, and restoration of existing 100 SB 100SB 100 SB 100 SB 100 SB 100 bridges. Formerly funded under Act 26, the allocation of these funds was modified by State Acts 89 and 44.",,,,,,,,,,,
2022,STREET LIGHTING,224,STREETS,Act 13 - Stabilize Structurally Deficient Bridges,STR.65.3,,,,"Reconstruction, rehabilitation, and restoration of existing 3,000 3,000 SB 3,000 SB 3,000 SB 3,000 bridges.",,,,,,,,,,,
2022,STREET LIGHTING,224,STREETS,Local Bridge Rehabilitation,STR.65.4,,2026.0,2026.0,"Reconstruction, rehabilitation, restoration or removal of existing 1,600 CN 850 CN 1,500 CN 2,300CN bridges.",,,2300.0,,,,,2300.0,,,
2022,STREET LIGHTING,225,STREETS,Bridge Reconstruction & Improvements-FY21,STR.65A,,2027.0,2027.0,"See description under line item 65. 1,400 CT 22,400 FT 7,300 ST",,,31100.0,,,,,,31100.0,,
2022,STREET LIGHTING,225,STREETS,Bridge Reconstruction & Improvements-FY20,STR.65B,,2027.0,2027.0,"See description under line item 65. 2,856 CT 78,270 FT 3,260 PT 41,442 ST",,,125828.0,,,,,,125828.0,,
2022,STREET LIGHTING,225,STREETS,Bridge Reconstruction & Improvements-FY19,STR.65C,,2027.0,2027.0,"See description under line item 65. 2,200 CT 19,200 FT 6,702 ST 65D. Bridge Reconstruction & Improvements-FY18 See description under line item 65. 263 CT 30,803 FT 8,612 ST DEPARTMENTAL OVERVIEWS AND FUNDING SCHEDULES-",,,28102.0,,,,,,28102.0,,
2022,STREET LIGHTING,227,STREETS,Reconstruction/Resurfacing and ADA Ramp Reconstruction,STR.66.1,,2026.0,2026.0,"Resurface and reconstruct neighborhood streets and Fairmount 163 CA Park roads; design, reconstruct and verify ADA ramps. 132,200 CN 35,000 CN 35,000 CN 35,000 CN 45,000CN",,,45000.0,,,,,45000.0,,,
2022,STREET LIGHTING,227,STREETS,ADA Evaluation,STR.66.2,,,,"Professional services to provide analysis and of certain 2,250 PB 2,250PB 2,250PB = 2,250PB 2,250 PB = 2,250 survey features within the pedestrian right of way. 1,500 CN 1,000CN",,,,,,,,,,,
2022,STREET LIGHTING,227,STREETS,Historic Streets,STR.66.3,,,,"Restore and reconstruct historic streets throughout the City. 1,000 FB 1,200 SB",,,,,,,,,,,
2022,STREET LIGHTING,227,STREETS,Reconstruction/Resurfacing of Streets-FY21,STR.66A,,2027.0,2027.0,"See description under line item 66. 14,000 CR 32,600 CT 1,000 FT 1,200 ST",,,51800.0,,,,,,51800.0,,
2022,STREET LIGHTING,228,STREETS,Reconstruction/Resurfacing of Streets-FY20,STR.66B,,2027.0,2027.0,"See description under line item 66. 1,500 CR 16,583 CT",,,18083.0,,,,,,18083.0,,
2022,STREET LIGHTING,228,STREETS,Reconstruction/Resurfacing of Streets-FY19,STR.66C,,2027.0,2027.0,"See description under line item 66. 1,000 TT 66D. Reconstruction/Resurfacing of Streets-FY18 See description under line item 66. 1CT 66E. Reconstruction/Resurfacing of Streets-FY16 See description under line item 66. 151 CT 66F. Reconstruction/Resurfacing of Streets-FY14 See description under line item 66. 268 A ter | CITY OF PHILADELPHIA CAPITAL PROGRAM AND BUDGET FISCAL YEARS 2022-2027",,,1419.0,,,,,,1419.0,,
2022,STREET LIGHTING,229,STREETS,Modernization of Transportation Facilities-FY18,STR.67A,,2027.0,2027.0,Improvements to transportation facilities 750 CT,,,750.0,,,,,,750.0,,
2022,STREET LIGHTING,229,STREETS,Rehabilitation of Public Stairways Citywide,STR.68.1,,,,"Analysis, design and rehabilitation of existing public stairways 500 CN SOOCN 500 CN 500 CN 500 CN SOOCN and retaining walls throughout the City.",,,,,,,,,,,
2022,STREET LIGHTING,229,STREETS,Project Management System,STR.68.2,,,,Contract for the development of an information solution that will 500 CN allow staff to more efficiently manage project portfolios.,,,,,,,,,,,
2022,STREET LIGHTING,229,STREETS,Highways Citywide-FY21,STR.68A,,2027.0,2027.0,See description under line item 68. 150 CT,,,150.0,,,,,,150.0,,
2022,STREET LIGHTING,229,STREETS,Highways Citywide-FY20,STR.68B,,2027.0,2027.0,"See description under line item 68. 1,000 CT",,,1000.0,,,,,,1000.0,,
2022,STREET LIGHTING,229,STREETS,Rehabilitation of Stairways in Manayunk and Citywide-FY16,STR.68C,,2027.0,2027.0,See description under line item 68. 171 CT,,,171.0,,,,,,171.0,,
2022,STREET LIGHTING,231,STREETS,Citywide 3R,STR.69.1,,2026.0,2026.0,"Resurface, reconstruct and restore city highways that eligible 24,000 FB = 20,000FB = 20,000 16,000 are for federal funds; modernize and preserve facilities and 5,000 CN 3,500CN 4,000 CN 4,500 CN 3,500 CN 4,000CN infrastructure. 39 CA",,,4000.0,,,,,4000.0,,,
2022,STREET LIGHTING,231,STREETS,Transportation Engineering and Restoration Fund (TERF),STR.69.2,,,,"Improve federally-funded highway and transportation networks al citywide. 7CA 1,000 SB 1,400SB 4,400 SB 1,000 SB 1,000 SB 1,000 16,000 FB 2,800FB 8,800 FB 2,000 FB 2,000 FB 2,000 250CN 1,100 CN 500 CN 500 CN SOOCN",,,,,,,,,,,
2022,STREET LIGHTING,231,STREETS,County Fee for Local Capital Projects,STR.69.3,,2026.0,2026.0,"For citywide state-funded highway, bridge and transportation 4,000 2,000SB = = 2,000SB_ projects, including traffic calming, roadway and bridge rehabilitation & traffic safety improvement consistent with Vision Zero objectives.",,,2000.0,,,,,2000.0,,,
2022,STREET LIGHTING,231,STREETS,Pennsylvania Avenue,STR.69.4,,,,"Pedestrian and Traffic flow improvements adjacent to the 400CN 200 CN 500 CN 500 CN Philadelphia Museum of Art. 1,600FB 800 FB 2,000 FB 1,600SB 800 SB 2,000 SB",,,,,,,,,,,
2022,STREET LIGHTING,232,STREETS,Roosevelt Boulevard Improvement,STR.5,,,,"Improve Roosevelt Boulevard to accommodate all modes of 500 CN 500 CN 500 CN S00CN transportation 2,000 FB 2,000 FB 2,000 FB 2,000 2,000 SB 2,000 SB 2,000 SB 2,000",,,,,,,,,,,
2022,STREET LIGHTING,232,STREETS,Federal Aid Highway Program-FY21,STR.69A,,2027.0,2027.0,"See description under line item 69. 5,300 CT 50,800 FT",,,56100.0,,,,,,56100.0,,
2022,STREET LIGHTING,232,STREETS,Federal Aid Highway Program-FY20,STR.69B,,2027.0,2027.0,"See description under line item 69. 352 CT 62,984 FT 2PT 24,966 ST | CITY OF PHILADELPHIA CAPITAL PROGRAM AND BUDGET FISCAL YEARS 2022-2027",,,88302.0,,,,,,88302.0,,
2022,STREET LIGHTING,233,STREETS,Federal Aid Highway Program-FY19,STR.69C,,2027.0,2027.0,"See description under line item 69. 4,500 CT 24,593 FT 69D. Federal Aid Highway Program-FY18 See description under line item 69. 1,830 CT",,,29093.0,,,,,,29093.0,,
2022,STREET LIGHTING,235,STREETS,Northwest Transfer Top Load Conversion,STR.70.1,,,,"Moderize the Sanitation Division's Northwest Transfer Station 1,500 CN crane and packer waste processing system.",,,,,,,,,,,
2022,STREET LIGHTING,235,STREETS,Sanitation Area 5 Service Building and Site Improvements:,STR.70.2,,,,Reconstruct roof for the Area 5 (Delaware Avenue and 200 CN 200CN Wheatsheaf Lane Facility) Sanitation Service Building and Fleet Shop.,,,,,,,,,,,
2022,STREET LIGHTING,235,STREETS,Streets Department-Wide Facility Improvements,STR.70.3,,2026.0,2026.0,"The Streets Department will provide efficient management and SSOCN 1,000 CN 1,000 CN 1,000 CN 1,000CN maintenance of all of its facilities City-wide.",,,1000.0,,,,,1000.0,,,
2022,STREET LIGHTING,235,STREETS,Roof Replacement at 26th and Glenwood,STR.70.4,,,,Replacement of the roof at the Sanitation Facility/Fleet Tire Shop 300CN at 26th and Glenwood and associated rehab work. The project will also rehab the building skin and plumbing associated the boiler.,,,,,,,,,,,
2022,STREET LIGHTING,235,STREETS,Modernization of Sanitation Facilities-FY21,STR.70A,,2027.0,2027.0,"See description under line item 70. 4,000 CT",,,4000.0,,,,,,4000.0,,
2022,STREET LIGHTING,235,STREETS,Modernization of Sanitation Facilities-FY20,STR.70B,,2027.0,2027.0,"See description under line item 70. 2,500 CT",,,2500.0,,,,,,2500.0,,
2022,STREET LIGHTING,236,STREETS,Modernization of Sanitation Facilities-FY18,STR.70C,,,,See description under line item 70. 7CT,,,,,,,,,,,
2022,STREET LIGHTING,236,STREETS,Street Lighting Improvements,STR.71.1,,,,Purchase new fiberglass poles and energy-efficient LED 500 PB luminaires to replace obsolete luminaires and aluminum poles. 500 CN 750CN 750 CN 750 CN 750 CN 750,,,,,,,,,,,
2022,STREET LIGHTING,236,STREETS,Martin Luther King Drive - Street Lighting Improvements,STR.71.2,,,,Replace direct burial street light poles with new foundations and 600CN 300 CN 600 CN poles.,,,,,,,,,,,
2022,STREET LIGHTING,236,STREETS,Street Alley Lighting Improvements,STR.71.3,,,,Purchase fiberglass poles and efficient LED 3500N 350 CN 350 CN 350 CN 350. new energy luminaires to replace obsolete luminaires and aluminum poles that have reached the end of their life cycle.,,,,,,,,,,,
2022,STREET LIGHTING,237,STREETS,Street Lighting Improvements-FY21,STR.71A,,2027.0,2027.0,See description under line item 71 750 CT,,,750.0,,,,,,750.0,,
2022,STREET LIGHTING,237,STREETS,Street Lighting Improvements-FY20,STR.71B,,2027.0,2027.0,See description under line item 71 676 CT,,,676.0,,,,,,676.0,,
2022,STREET LIGHTING,237,STREETS,Street Lighting Improvements-FY16,STR.71C,,2027.0,2027.0,See description under line item 71 59 CT 71D. Alley Lighting Improvements-FY12 See description under line item 71 1CT,,,59.0,,,,,,59.0,,
2022,STREET LIGHTING,238,STREETS,Upgrade Facility Storm/Sewer Site Drain Systems,STR.72.4,,,,Conduct a field study of all storm and drain systems for 100 CN 100CN 100 CN 100 CN 100 CN 100 sewer all Streets Facilities; upgrade and or replace systems to bring up to current environmental standards.,,,,,,,,,,,
2022,STREET LIGHTING,238,STREETS,Salt & Brine Facilities,STR.72.2,,,,Improvements to Streets Department Facilities 600CN,,,,,,,,,,,
2022,STREET LIGHTING,238,STREETS,Street Lighting Shop Renovation or Replacement,STR.72.3,,,,"Reconstruction and Replacement of Street Lighting Shop roof, 350CN flooring, foundation and related infrastructure.",,,,,,,,,,,
2022,STREET LIGHTING,238,STREETS,Streets Department Facilities-FY20,STR.72A,,2027.0,2027.0,"See description under line item 72. 350 CR 1,300 CT",,,1650.0,,,,,,1650.0,,
2022,STREET LIGHTING,238,STREETS,Streets Department Facilities-FY19,STR.72B,,2027.0,2027.0,"See description under line item 72. 1,156 CT 4,000 PT",,,5156.0,,,,,,5156.0,,
2022,STREET LIGHTING,239,STREETS,Vision Zero,STR.73.1,,2026.0,2026.0,"Make ongoing citywide traffic safety improvements consistent 2,400 FB 3,200FB 4,000 FB 4,000 FB 4,000 FB 4,000FB with Vision Zero objectives. 1,000 CN 1,000CN 1,000 CN 1,000 CN 1,000 CN 1,000 2,400 SB 3,200SB 4,000 SB 4,000 SB 4,000 SB 4,000SB",,,8000.0,,,,,8000.0,,,
2022,STREET LIGHTING,239,STREETS,Signal Synchronization/Modernization,STR.73.2,,,,"Install and modernize signals at existing and new intersections 500 PB and replace signal support. 1,600 FB 4,000FB 4,000 FB 20,000 FB 20,000 FB 20,000",,,,,,,,,,,
2022,STREET LIGHTING,240,STREETS,Material Requisition,STR.3,,2022.0,2027.0,Improve traffic control equipment on streets recently resurfaced 200 in the city; upgrade existing traffic signals and signs to PennDOT and FHWA standards.,,,2960.0,260.0,700.0,,1000.0,,1000.0,,
2022,STREET LIGHTING,240,STREETS,Traffic Control Equipment Replacement,STR.3.4,,2022.0,2027.0,"Remove/replace aging electromechanical controllers with 300 solid-state equipment, and replace all traffic control signage citywide with new State and Federally mandated high reflectivity materials.",,,4050.0,300.0,250.0,500.0,1000.0,1000.0,1000.0,,
2022,STREET LIGHTING,240,STREETS,Signal Synchronization - Transit Improvements,STR.3.5,,2022.0,2027.0,"Philadelphia's strategic transportation plan, CONNECT, laid out 100 goals of a City Transit Plan and Implementing transit improvements on five high priority corridors",,,80950.0,100.0,7250.0,17600.0,17000.0,19000.0,20000.0,,
2022,STREET LIGHTING,240,STREETS,Automated Speed Enforcement,STR.3.6,,2022.0,2027.0,"For ongoing citywide safety improvements consistent with Vision 5,000 Zero objectives.",,,25000.0,5000.0,,5000.0,5000.0,5000.0,5000.0,,
2022,STREET LIGHTING,240,STREETS,Automated Red Light Enforcement Project (ARLE),STR.3.7,,2022.0,2027.0,"For citywide safety improvements consistent with Vision 3,000 ongoing Zero objectives.",,,42008.0,3000.0,30008.0,3000.0,,3000.0,3000.0,,
2022,STREET LIGHTING,240,STREETS,Traffic Control-FY21,STR.73A,,2022.0,2022.0,See description under line item 73. 800 “749000 | CITY OF PHILADELPHIA CAPITAL PROGRAM AND BUDGET FISCAL YEARS 2022-2027,,,800.0,800.0,,,,,,,
2022,STREET LIGHTING,241,STREETS,Traffic Control-FY20,STR.73B,,2027.0,2027.0,"See description under line item 73. 4,826 CT 29,716 FT 3,260 PT 20,704 ST",,,58506.0,,,,,,58506.0,,
2022,STREET LIGHTING,241,STREETS,Traffic Control-FY19,STR.73C,,2027.0,2027.0,"See description under line item 73. 2,190 CT 3,000 FT 3,000 ST 73D. Traffic Control-FY18 See description under line item 73. 750 CT 5,761 ST 73E. Traffic Control-FY16 See description under line item 73. 40 CT",,,8190.0,,,,,,8190.0,,
2022,TRANSIT IMPROVEMENTS - SEPTA,248,TRANSIT,Infrastructure Safety Renewal Program (ISRP) (ALL),TRN.74.1,,2022.0,2027.0,"Provide for restoration of SEPTA's transit and railroad 1,025 infrastructure to a state of good repair.",,,8157.0,1768.0,1631.0,1663.0,607.0,728.0,1760.0,corrected,
2022,TRANSIT IMPROVEMENTS - SEPTA,248,TRANSIT,State of Good Repair Program (ALL),TRN.74.2,,2022.0,2027.0,Fund a group of capital improvements designed to bring facilities and systems to a state of good repair and/or enhance 531 system capabilities and safety.,,,10858.0,571.0,1536.0,4538.0,2531.0,839.0,843.0,,
2022,TRANSIT IMPROVEMENTS - SEPTA,248,TRANSIT,Maintenance & Transportation Facilities and Roofs,TRN.74.3,,2022.0,2027.0,"Improve SEPTA’s bus and rail maintenance shops, facilities 12,918 maintenance shops and office buildings to bring facilities and 469 systems to a state of good repair. | CITY OF PHILADELPHIA CAPITAL PROGRAM AND BUDGET FISCAL YEARS 2022-2027",,,31921.0,13444.0,453.0,8300.0,8362.0,649.0,713.0,,
2022,TRANSIT IMPROVEMENTS - SEPTA,249,TRANSIT,Regional Rail Substation Improvements (RRD),TRN.4,,2022.0,2027.0,Replace components of the traction power supply system for 383CN SEPTA's Regional Rail service.,,,7202.0,423.0,850.0,1446.0,553.0,329.0,3601.0,,
2022,TRANSIT IMPROVEMENTS - SEPTA,249,TRANSIT,Regional Rail Signal System of Modernization (RRD),TRN.4.5,,2022.0,2027.0,"Provide for modernization the train signal systems for 1,193 Regional Rail lines, including installation of Automatic Train Control, Positive Train Control and signal power reinforcements.",,,33590.0,1248.0,193.0,1221.0,4932.0,135.0,25861.0,,
2022,TRANSIT IMPROVEMENTS - SEPTA,249,TRANSIT,Regional Rail Division Bridge Improvement Program (RRD),TRN.4.6,,2022.0,2027.0,"Provide for the rehabilitation replacement of bridges, restoring or bridges to a state of good repair.",,,4670.0,40.0,118.0,977.0,699.0,221.0,2615.0,,
2022,TRANSIT IMPROVEMENTS - SEPTA,249,TRANSIT,"SEPTA Bridge, Track, Signal, and Infrastructure Improvements-FY21",TRN.74A,,2022.0,2027.0,See description under line item 74.,,,6364.0,3182.0,,,,,3182.0,corrected,
2022,TRANSIT IMPROVEMENTS - SEPTA,250,TRANSIT,"SEPTA Bridge, Track, Signal, and Infrastructure Improvements-FY19",TRN.74B,,2027.0,2027.0,See description under line item 74. 28 CT,,,28.0,,,,,,28.0,,
2022,TRANSIT IMPROVEMENTS - SEPTA,250,TRANSIT,"SEPTA Bridge, Track, Signal, and Infrastructure Improvements-FY15",TRN.74C,,,,See description under line item 74. 1CT,,,,,,,,,,,
2022,TRANSIT IMPROVEMENTS - SEPTA,250,TRANSIT,Railroad and Transit Stations and Parking Improvements,TRN.75.1,,,,"Renovate various railroad and transit stations, including 3,502 FO improvements to parking facilities. 564 CN 789CN 783 CN 991 CN 1,058 CN 1,041",,,,,,,,,,,
2022,TRANSIT IMPROVEMENTS - SEPTA,250,TRANSIT,Station Accessibility Program (CTD),TRN.75.2,,,,"Make ADA accessibility improvements to 40th Street, Arrott 284 CN 137CN 31 CN Transportation Center (Margaret-Orthodox), 8,523SO —4,125S0 9190 Susquehanna-Dauphin, Tasker-Morris, and Erie Stations.",,,,,,,,,,,
2022,TRANSIT IMPROVEMENTS - SEPTA,250,TRANSIT,City Transit Division Loop Improvements (CTD),TRN.75.3,,,,"Provide for improvements to SEPTA bus loops in Philadelphia. 5,088 FO",,,,,,,,,,,
2022,TRANSIT IMPROVEMENTS - SEPTA,251,TRANSIT,City Hall Station and 15th Street Renovations (CTD),TRN.4-2,,2026.0,2026.0,"Rehabilitate City Hall Station on the Broad Street Line and 5 CN 27CN 124 CN 387 CN 564 CN 696CN renovations to 15th Street Station on the Market-Frankford Line. 151 SO 817SO 3,719 SO 11,613 SO 16,933 SO",,,696.0,,,,,696.0,,,
2022,TRANSIT IMPROVEMENTS - SEPTA,251,TRANSIT,SEPTA Station and Parking Improvements-FY21,TRN.75A,,2027.0,2027.0,"See description under line item 75. 1,471 CT",,,1471.0,,,,,,1471.0,,
2022,TRANSIT IMPROVEMENTS - SEPTA,251,TRANSIT,SEPTA Key (New Payment Technologies) (ALL),TRN.76.1,,,,"Design and implement a new fare collection system that will 5,412 FO —_2,914FO replace and/or enhance the entire array of current revenue 37 CN 20CN collection equipment. 6 TO 3TO 1,278 SO 688SO",,,,,,,,,,,
2022,TRANSIT IMPROVEMENTS - SEPTA,251,TRANSIT,"SEPTA Passenger Information, Communications, and System Controls-FY21",TRN.76A,,,,See description under line item 76.,,,,,,,,,,,
2022,TRANSIT IMPROVEMENTS - SEPTA,252,TRANSIT,Locomotives and Regional Rail Cars,TRN.77.1,,,,"Acquire locomotives, multi-level coach and electric multiple 8,106 FO = 22,400FO FO cars, unit (EMU) railcars to replace vehicles that have reached the end 169 CN 401CN 162 CN of their useful life and accommodate ridership growth. 816 TO 172TO 70TO 27,490 SO 17,1738 6,953 SO",,,,,,,,,,,
2022,TREATMENT FACILITIES - CAPITAL,256,WATER,Collector System Improvements,WAT.78.1,,,,"Reconstruct and rehabilitate the public collection system 500 XR S00XR 500 XR 500 XR 500 XR S00XR citywide and construction of storm flood relief sewers to mitigate 100 FB 100FB 100 FB 100 FB 100 FB 100 flooding in sections of the city that flood during major storms. 100 SB 100SB 100 SB 100 SB 100 SB 100 39,000 XN 154,000XN 154,000XN 154,000 XN 216,000 XN 216,000",,,,,,,,,,,
2022,TREATMENT FACILITIES - CAPITAL,256,WATER,Expansion of Collector System,WAT.78.2,,,,Extend the public collection system citywide. 10 PB 10PB 10 PB 10 PB 10 PB 10,,,,,,,,,,,
2022,TREATMENT FACILITIES - CAPITAL,256,WATER,Improvements to Collector System-FY21,WAT.78A,,2027.0,2027.0,"See description under line item 78. 133,050 XT",,,133050.0,,,,,,133050.0,,
2022,TREATMENT FACILITIES - CAPITAL,256,WATER,1T,WAT.78A.35,,2027.0,2027.0,,,,35.0,,,,,,35.0,,
2022,TREATMENT FACILITIES - CAPITAL,257,WATER,Improvements to Collector System-FY20,WAT.78B,,2027.0,2027.0,"See description under line item 78. 31,305 XR",,,31305.0,,,,,,31305.0,,
2022,TREATMENT FACILITIES - CAPITAL,257,WATER,Improvements to Collector System-FY17,WAT.78C,,2027.0,2027.0,"See description under line item 78. 6,629 XR 78D. Improvements to Collector System-FY16 See description under line item 78. 1,410 XR 78E. Improvements to Collector System-FY14 See description under line item 78. 531 XR",,,6629.0,,,,,,6629.0,,
2022,TREATMENT FACILITIES - CAPITAL,258,WATER,Reconstruction of Conveyance Systems,WAT.79.4,,,,Reconstruct water mains throughout the city. 100 FB 100FB 100 FB 100 FB 100 FB 100,,,,,,,,,,,
2022,TREATMENT FACILITIES - CAPITAL,258,WATER,Meter Replacement,WAT.79.2,,,,"Purchase water meters to replace obsolete meters. 5,000 5,000XN 5,000 XN 5,000 XN 5,000 XN 5,000",,,,,,,,,,,
2022,TREATMENT FACILITIES - CAPITAL,258,WATER,Expansion of Conveyance Systems,WAT.79.3,,,,Expand water mains citywide to service the of the city not 10 PB 10PB 10PB 10PB 10 PB 10 areas currently supplied by public water 50 XN 5OXN 50 XN 50 XN 50 XN 50 mains.,,,,,,,,,,,
2022,TREATMENT FACILITIES - CAPITAL,258,WATER,Improvements to Conveyance System-FY21,WAT.79A,,2027.0,2027.0,"See description under line item 79. 500 XR 85,507 XT",,,86007.0,,,,,,86007.0,,
2022,TREATMENT FACILITIES - CAPITAL,259,WATER,Improvements to Conveyance System-FY20,WAT.79B,,2027.0,2027.0,"See description under line item 79. 175 XR 35,000 XT",,,35175.0,,,,,,35175.0,,
2022,TREATMENT FACILITIES - CAPITAL,259,WATER,Engineering and Administration,WAT.80.1,,,,"Provide staffing for Construction, Design and Survey Units. 15,319XR 15,319XR",,,,,,,,,,,
2022,TREATMENT FACILITIES - CAPITAL,259,WATER,Vehicles,WAT.80.2,,,,"Replace Water Department vehicles that have exceeded their 12,000 XR = 12,000XR = 12,000XR = 12,000XR = 12,000 XR_— useful life.",,,,,,,,,,,
2022,TREATMENT FACILITIES - CAPITAL,260,WATER,Engineering and Material Support-FY21,WAT.80A,,2027.0,2027.0,"See description under line item 80. 12,000 XR",,,12000.0,,,,,,12000.0,,
2022,TREATMENT FACILITIES - CAPITAL,260,WATER,Engineering and Material Support-FY20,WAT.80B,,2027.0,2027.0,"See description under line item 80. 7,463 XR",,,7463.0,,,,,,7463.0,,
2022,TREATMENT FACILITIES - CAPITAL,260,WATER,Engineering and Material Support-FY19,WAT.80C,,2027.0,2027.0,"See description under line item 80. 4,000 XR",,,4000.0,,,,,,4000.0,,
2022,TREATMENT FACILITIES - CAPITAL,261,WATER,Improvements to Treatment Facilities,WAT.81.1,,2022.0,2027.0,"Improve the water and wastewater treatment plants, 50 FB SOFB SOFB 5OFB 50 FB 50FB pump stations, and related Water Department facilities. 50 SB S0SB 50 SB 50 SB 50 SB 50 249,950 XN 308,700XN 189,700XN 300,700 XN 328,700",,,1687350.0,250550.0,309300.0,306600.0,190300.0,301300.0,329300.0,corrected,
2022,TREATMENT FACILITIES - CAPITAL,261,WATER,Improvements to Treatment Facilities-FY21,WAT.81A,,2027.0,2027.0,"See description under line item 81 61,000 XR 163,807 XT",,,224807.0,,,,,,224807.0,,
2022,TREATMENT FACILITIES - CAPITAL,261,WATER,Improvements to Treatment Facilities-FY20,WAT.81B,,2027.0,2027.0,"See description under line item 81. 10,780 XR",,,10780.0,,,,,,10780.0,,
2022,TREATMENT FACILITIES - CAPITAL,261,WATER,Improvements to Treatment Facilities-FY16,WAT.81C,,2027.0,2027.0,"See description under line item 81. 10,969 XR",,,10969.0,,,,,,10969.0,,
2022,PHILADELPHIA ZOO - CAPITAL,266,ZOO,City-owned Building Renovation Roofs and Building Envelope,ZOO.82.1,,2026.0,2026.0,Renovate multiple infrastructure systems in City-owned 250 CN 250 CN 250 CN 250 CN 250CN buildings.,,,250.0,,,,,250.0,,corrected,
2022,PHILADELPHIA ZOO - CAPITAL,266,ZOO,City Owned Building Renovations HVAC,ZOO.82.2,,2026.0,2026.0,Lifecycle replacement of HVAC and mechanical systems in 250 CN 250 CN 250 CN 250 CN 250CN City-owned buildings.,,,250.0,,,,,250.0,,,
2022,PHILADELPHIA ZOO - CAPITAL,266,ZOO,City Owned Building Renovation- Electrical Infrastructure,ZOO.82.3,,2026.0,2026.0,Renovations to multiple electrical and safety infrastructure 250 CN 2500N 250 CN 250 CN 2500N systems in City-owned buildings.,,,2500.0,,,,,2500.0,,,
2022,PHILADELPHIA ZOO - CAPITAL,266,ZOO,City-owned Building Renovation Intreior Renovations,ZOO.82.4,,2026.0,2026.0,Renovations to multiple infrastructure systems in City-owned 250 CN 250CN 250 CN 250 CN 250 CN 250CN buildings.,,,250.0,,,,,250.0,,,
2022,PHILADELPHIA ZOO - CAPITAL,266,ZOO,Philadelphia Zoo Improvem,,,,,,,,,,,,,,,,
